year,make,model,price,mileage,color,url,body_type
2013,Jeep,Wrangler,"$14,990",123299,black,https://www.carpages.ca/used-cars/nova-scotia/halifax/2013-jeep-wrangler-13298270/,Convertible
2019,Mercedes-Benz,C-Class,"$65,900",58907,silver,https://www.carpages.ca/used-cars/ontario/vaughan/2019-mercedes-benz-c-class-13297784/,Convertible
2025,Chevrolet,Corvette,"$215,500",487,red,https://www.carpages.ca/used-cars/manitoba/winnipeg/2025-chevrolet-corvette-13297667/,Convertible
2010,Mercedes-Benz,SL-Class,"$29,995",98522,black,https://www.carpages.ca/used-cars/british-columbia/langley/2010-mercedes-benz-sl-class-13296530/,Convertible
2026,Ford,Mustang,"$73,196",0,red,https://www.carpages.ca/new-cars/ontario/peterborough/2026-ford-mustang-13295676/,Convertible
2026,Ford,Mustang,"$73,196",0,black,https://www.carpages.ca/new-cars/ontario/peterborough/2026-ford-mustang-13295649/,Convertible
2019,Volkswagen,Beetle,"$25,888",54354,black,https://www.carpages.ca/used-cars/ontario/kanata/2019-volkswagen-beetle-13295303/,Convertible
2013,Mercedes-Benz,SLK,"$35,900",123524,white,https://www.carpages.ca/used-cars/ontario/vaughan/2013-mercedes-benz-slk-13294928/,Convertible
2023,Chevrolet,Corvette,"$164,988",14098,orange,https://www.carpages.ca/used-cars/ontario/brantford/2023-chevrolet-corvette-13292954/,Convertible
2021,BMW,Z4,"$64,990",11963,white,https://www.carpages.ca/used-cars/nova-scotia/halifax/2021-bmw-z4-13291364/,Convertible
2021,Jeep,Wrangler,"$30,988",61268,gray,https://www.carpages.ca/used-cars/ontario/guelph/2021-jeep-wrangler-13288832/,Convertible
2014,Volkswagen,Beetle,"$14,995",95000,white,https://www.carpages.ca/used-cars/ontario/kitchener/2014-volkswagen-beetle-13288490/,Convertible
2013,Mercedes-Benz,SL-Class,"$41,995",71000,gray,https://www.carpages.ca/used-cars/ontario/kitchener/2013-mercedes-benz-sl-class-13288487/,Convertible
2014,Volkswagen,Beetle,"$14,995",95000,white,https://www.carpages.ca/used-cars/ontario/ancaster/2014-volkswagen-beetle-13288463/,Convertible
2013,Mercedes-Benz,SL-Class,"$41,995",71000,gray,https://www.carpages.ca/used-cars/ontario/ancaster/2013-mercedes-benz-sl-class-13288454/,Convertible
2022,Jeep,Wrangler,"$37,495",63027,gray,https://www.carpages.ca/used-cars/ontario/cayuga/2022-jeep-wrangler-13288400/,Convertible
2023,Jeep,Wrangler,"$36,995",46665,granite,https://www.carpages.ca/used-cars/ontario/cayuga/2023-jeep-wrangler-13288397/,Convertible
2021,Jeep,Wrangler,"$37,980",76790,white,https://www.carpages.ca/used-cars/manitoba/dauphin/2021-jeep-wrangler-4xe-13285742/,Convertible
2021,Jeep,Wrangler,"$35,986",135987,black,https://www.carpages.ca/used-cars/ontario/innisfil/2021-jeep-wrangler-13278749/,Convertible
2023,Mazda,Miata,"$36,593",18939,gray,https://www.carpages.ca/used-cars/british-columbia/burnaby/2023-mazda-miata-mx-5-13276898/,Convertible
1990,Mazda,Miata,"$7,900",248544,blue,https://www.carpages.ca/used-cars/ontario/gananoque/1990-mazda-miata-mx-5-13275959/,Convertible
2018,Jeep,Wrangler,"$26,996",87029,black,https://www.carpages.ca/used-cars/ontario/barrie/2018-jeep-wrangler-13270988/,Convertible
2021,BMW,4,"$46,998",68387,black,https://www.carpages.ca/used-cars/ontario/thornhill/2021-bmw-4-series-13269902/,Convertible
2025,Porsche,718,"$239,977",5975,silver,https://www.carpages.ca/used-cars/nova-scotia/halifax/2025-porsche-718-spyder-13269713/,Convertible
2025,Jeep,Wrangler,"$54,995",5858,black,https://www.carpages.ca/used-cars/nova-scotia/halifax/2025-jeep-wrangler-13269710/,Convertible
2021,Jeep,Wrangler,"$39,984",69790,snazzberry,https://www.carpages.ca/used-cars/saskatchewan/saskatoon/2021-jeep-wrangler-4xe-13269623/,Convertible
2023,Mazda,Miata,"$33,995",12200,red,https://www.carpages.ca/used-cars/british-columbia/surrey/2023-mazda-miata-mx-5-13269200/,Convertible
2019,Ferrari,Portofino,"$228,000",21316,red,https://www.carpages.ca/used-cars/british-columbia/vancouver/2019-ferrari-portofino-13267922/,Convertible
2021,Jeep,Wrangler,"$34,986",94932,white,https://www.carpages.ca/used-cars/ontario/innisfil/2021-jeep-wrangler-13266029/,Convertible
2007,Mercedes-Benz,SL-Class,"$59,999",99163,black,https://www.carpages.ca/used-cars/ontario/mississauga/2007-mercedes-benz-sl-class-13261466/,Convertible
2017,Ford,Mustang,"$29,988",34534,red,https://www.carpages.ca/used-cars/ontario/brantford/2017-ford-mustang-13260221/,Convertible
2022,Mercedes-Benz,E53,"$83,995",38511,blue,https://www.carpages.ca/used-cars/alberta/calgary/2022-mercedes-benz-e53-13259597/,Convertible
2023,Ford,Bronco,"$48,888",78459,black,https://www.carpages.ca/used-cars/ontario/guelph/2023-ford-bronco-13259141/,Convertible
2025,Ford,Bronco,"$88,055",9,gray,https://www.carpages.ca/new-cars/nova-scotia/halifax/2025-ford-bronco-13258619/,Convertible
2018,Chevrolet,Malibu,"$12,995",188281,black,https://www.carpages.ca/used-cars/ontario/london/2018-chevrolet-malibu-13257509/,Convertible
2021,Ford,Bronco,"$36,995",38849,gray,https://www.carpages.ca/used-cars/ontario/cayuga/2021-ford-bronco-13241894/,Convertible
2022,Ford,Bronco,"$31,995",84466,black,https://www.carpages.ca/used-cars/ontario/cayuga/2022-ford-bronco-13241858/,Convertible
2020,Fiat,124,"$23,895",33134,white,https://www.carpages.ca/used-cars/ontario/scarborough/2020-fiat-124-spider-13238939/,Convertible
2017,Jeep,Wrangler,"$22,999",146200,black,https://www.carpages.ca/used-cars/nova-scotia/dartmouth/2017-jeep-wrangler-13238816/,Convertible
2024,Porsche,718,"$229,877",5662,blue,https://www.carpages.ca/used-cars/nova-scotia/halifax/2024-porsche-718-spyder-13237742/,Convertible
2025,Porsche,911,"$219,877",7426,green,https://www.carpages.ca/used-cars/nova-scotia/halifax/2025-porsche-911-13237739/,Convertible
1968,Ford,Torino,"$45,000",4944,blue,https://www.carpages.ca/used-cars/ontario/etobicoke/1968-ford-torino-13236491/,Convertible
2017,Chevrolet,Corvette,"$72,988",41491,red,https://www.carpages.ca/used-cars/ontario/brantford/2017-chevrolet-corvette-13217078/,Convertible
2001,Volkswagen,Cabrio,"$2,995",102111,black,https://www.carpages.ca/used-cars/quebec/rouyn-noranda/2001-volkswagen-cabrio-13215563/,Convertible
2026,Mercedes-Benz,SL-Class,"$189,245",90,black,https://www.carpages.ca/new-cars/british-columbia/vancouver/2026-mercedes-benz-sl-class-13214981/,Convertible
2008,Nissan,350Z,"$18,995",56582,gray,https://www.carpages.ca/used-cars/ontario/london/2008-nissan-350z-13213634/,Convertible
2025,Ford,Bronco,"$55,521.50",0,black,https://www.carpages.ca/new-cars/nova-scotia/port-hawkesbury/2025-ford-bronco-13211186/,Convertible
2022,Ford,Bronco,"$47,595",106081,gray,https://www.carpages.ca/used-cars/ontario/cayuga/2022-ford-bronco-13210739/,Convertible
2021,Mercedes-Benz,C-Class,"$41,888",57595,black,https://www.carpages.ca/used-cars/ontario/thornhill/2021-mercedes-benz-c-class-13210196/,Convertible
2022,Ford,Bronco,"$46,988",104362,blue,https://www.carpages.ca/used-cars/nova-scotia/halifax/2022-ford-bronco-13206719/,Convertible
2007,Jeep,Wrangler,"$14,973",182418,Other,https://www.carpages.ca/used-cars/saskatchewan/saskatoon/2007-jeep-wrangler-13206638/,Convertible
2008,Lamborghini,Gallardo,"$118,888",78544,Other,https://www.carpages.ca/used-cars/british-columbia/abbotsford/2008-lamborghini-gallardo-13206206/,Convertible
2021,Jeep,Wrangler,"$34,988",86304,red,https://www.carpages.ca/used-cars/ontario/guelph/2021-jeep-wrangler-13204523/,Convertible
2024,Ford,Bronco,"$62,916",14926,gray,https://www.carpages.ca/used-cars/saskatchewan/regina/2024-ford-bronco-13201136/,Convertible
2023,Ford,Bronco,"$38,988",61613,silver,https://www.carpages.ca/used-cars/ontario/guelph/2023-ford-bronco-13199762/,Convertible
2024,Ford,Mustang,"$44,995",3700,black,https://www.carpages.ca/used-cars/ontario/lowbanks/2024-ford-mustang-13196498/,Convertible
2021,Ford,Bronco,"$37,790",40012,black,https://www.carpages.ca/used-cars/nova-scotia/halifax/2021-ford-bronco-13194992/,Convertible
2018,Bentley,Continental,"$249,000",57000,blue,https://www.carpages.ca/used-cars/british-columbia/vancouver/2018-bentley-continental-13194404/,Convertible
2011,Maserati,GranTurismo,"$45,900",59520,burgundy,https://www.carpages.ca/used-cars/ontario/vaughan/2011-maserati-granturismo-13193996/,Convertible
2023,Jeep,Wrangler,"$41,624",57863,gray,https://www.carpages.ca/used-cars/alberta/edmonton/2023-jeep-wrangler-13191497/,Convertible
2022,Jeep,Wrangler,"$36,624",77168,blue,https://www.carpages.ca/used-cars/alberta/edmonton/2022-jeep-wrangler-13191494/,Convertible
2021,Ford,Bronco,"$39,988",90830,yellow,https://www.carpages.ca/used-cars/ontario/guelph/2021-ford-bronco-13190864/,Convertible
2026,Jeep,Wrangler,"$81,860",10,black,https://www.carpages.ca/new-cars/saskatchewan/saskatoon/2026-jeep-wrangler-13190426/,Convertible
2026,Jeep,Wrangler,"$86,300",10,41,https://www.carpages.ca/new-cars/saskatchewan/saskatoon/2026-jeep-wrangler-13190423/,Convertible
2018,Volkswagen,Beetle,"$29,000",54000,red,https://www.carpages.ca/used-cars/british-columbia/vancouver/2018-volkswagen-beetle-13190216/,Convertible
2011,BMW,3,"$29,999",73448,gray,https://www.carpages.ca/used-cars/ontario/paris/2011-bmw-3-series-13188905/,Convertible
2007,Jaguar,XK,"$24,999",91559,red,https://www.carpages.ca/used-cars/ontario/paris/2007-jaguar-xk-13188500/,Convertible
2026,Jeep,Wrangler,"$61,565",18,reign,https://www.carpages.ca/new-cars/nova-scotia/halifax/2026-jeep-wrangler-13187210/,Convertible
2019,Aston,Martin,"$148,888",0,Other,https://www.carpages.ca/used-cars/ontario/mississauga/2019-aston-martin-db11-13183358/,Convertible
1975,Buick,LeSabre,"$5,500",50000,white,https://www.carpages.ca/used-cars/ontario/st-catharines/1975-buick-lesabre-13182287/,Convertible
2007,Jaguar,XK,"$18,900",118000,red,https://www.carpages.ca/used-cars/ontario/toronto/2007-jaguar-xk-13182284/,Convertible
2013,Jeep,Wrangler,"$14,899",145682,blue,https://www.carpages.ca/used-cars/nova-scotia/dartmouth/2013-jeep-wrangler-13181927/,Convertible
2013,Jeep,Wrangler,"$19,787",86726,green,https://www.carpages.ca/used-cars/alberta/edmonton/2013-jeep-wrangler-13181900/,Convertible
2022,BMW,4,"$46,998",58817,black,https://www.carpages.ca/used-cars/ontario/thornhill/2022-bmw-4-series-13181483/,Convertible
2026,Jeep,Wrangler,"$48,480",20,anvil,https://www.carpages.ca/new-cars/saskatchewan/saskatoon/2026-jeep-wrangler-13181162/,Convertible
2025,Porsche,Boxster,"$109,877",8438,gray,https://www.carpages.ca/used-cars/nova-scotia/halifax/2025-porsche-boxster-13178627/,Convertible
2025,Ford,Bronco,"$65,496",10,green,https://www.carpages.ca/new-cars/saskatchewan/regina/2025-ford-bronco-13176737/,Convertible
2025,Ford,Bronco,"$67,751",10,gray,https://www.carpages.ca/new-cars/saskatchewan/regina/2025-ford-bronco-13176734/,Convertible
2021,BMW,Z4,"$48,900",73816,blue,https://www.carpages.ca/used-cars/ontario/vaughan/2021-bmw-z4-13176104/,Convertible
2013,Mercedes-Benz,SLK,"$29,897",37517,black,https://www.carpages.ca/used-cars/ontario/ottawa/2013-mercedes-benz-slk-13169762/,Convertible
2017,Fiat,124,"$29,995",42439,red,https://www.carpages.ca/used-cars/ontario/north-york/2017-fiat-124-spider-13169309/,Convertible
2010,Porsche,911,"$96,898",52424,gray,https://www.carpages.ca/used-cars/ontario/vaughan/2010-porsche-911-13169273/,Convertible
2025,Ford,Mustang,"$65,617",8900,black,https://www.carpages.ca/used-cars/ontario/burlington/2025-ford-mustang-13169099/,Convertible
2017,BMW,2,"$22,950",91279,black,https://www.carpages.ca/used-cars/ontario/north-york/2017-bmw-2-series-13162846/,Convertible
2024,Porsche,Boxster,"$98,900",4230,silver,https://www.carpages.ca/used-cars/ontario/vaughan/2024-porsche-boxster-13160401/,Convertible
2020,Mercedes-Benz,C-Class,"$38,900",59348,white,https://www.carpages.ca/used-cars/ontario/vaughan/2020-mercedes-benz-c-class-13160404/,Convertible
2011,Mercedes-Benz,E-Class,"$17,900",115000,white,https://www.carpages.ca/used-cars/ontario/toronto/2011-mercedes-benz-e-class-13157860/,Convertible
2014,MINI,Cooper,"$19,991",49411,Other,https://www.carpages.ca/used-cars/manitoba/selkirk/2014-mini-cooper-roadster-13157467/,Convertible
2025,Ford,Bronco,"$58,500",10,gray,https://www.carpages.ca/new-cars/saskatchewan/regina/2025-ford-bronco-13153522/,Convertible
2014,Porsche,911,"$89,900",97025,black,https://www.carpages.ca/used-cars/ontario/vaughan/2014-porsche-911-13152934/,Convertible
2017,Mazda,Miata,"$22,999",80920,white,https://www.carpages.ca/used-cars/ontario/guelph/2017-mazda-miata-mx-5-13148689/,Convertible
2026,Jeep,Wrangler,"$69,085",10,white,https://www.carpages.ca/new-cars/saskatchewan/saskatoon/2026-jeep-wrangler-13142353/,Convertible
2026,Jeep,Wrangler,"$69,480",10,anvil,https://www.carpages.ca/new-cars/saskatchewan/saskatoon/2026-jeep-wrangler-13142350/,Convertible
2014,BMW,4,"$29,999",63851,balck,https://www.carpages.ca/used-cars/ontario/paris/2014-bmw-4-series-13141894/,Convertible
2026,Chevrolet,Corvette,"$108,394",5,silver,https://www.carpages.ca/new-cars/alberta/calgary/2026-chevrolet-corvette-13136689/,Convertible
2026,Chevrolet,Corvette,"$107,399",4,red,https://www.carpages.ca/new-cars/alberta/calgary/2026-chevrolet-corvette-13136677/,Convertible
2024,Mazda,Miata,"$37,990",17428,black,https://www.carpages.ca/used-cars/alberta/calgary/2024-mazda-miata-mx-5-13136437/,Convertible
2021,Jeep,Wrangler,"$32,586",139755,green,https://www.carpages.ca/used-cars/ontario/innisfil/2021-jeep-wrangler-13134595/,Convertible
2026,Jeep,Wrangler,"$61,265",4,41,https://www.carpages.ca/new-cars/nova-scotia/halifax/2026-jeep-wrangler-13133354/,Convertible
2024,Chevrolet,Corvette,"$189,888",8709,red,https://www.carpages.ca/used-cars/ontario/napanee/2024-chevrolet-corvette-13132022/,Convertible
2023,Jeep,Wrangler,"$44,989",34546,black,https://www.carpages.ca/used-cars/newfoundland-and-labrador/st-john-s/2023-jeep-wrangler-13129133/,Convertible
2022,BMW,M4,"$92,995",25320,Other,https://www.carpages.ca/used-cars/british-columbia/coquitlam/2022-bmw-m4-13128173/,Convertible
2017,Chevrolet,Corvette,"$79,950",14500,blue,https://www.carpages.ca/used-cars/ontario/north-york/2017-chevrolet-corvette-13126736/,Convertible
2005,Ford,Mustang,"$3,995",215234,burgundy,https://www.carpages.ca/used-cars/ontario/london/2005-ford-mustang-13125566/,Convertible
2018,Volkswagen,Beetle,"$25,999",59843,white,https://www.carpages.ca/used-cars/ontario/hamilton/2018-volkswagen-beetle-13125194/,Convertible
2017,BMW,2,"$22,888",86200,blue,https://www.carpages.ca/used-cars/ontario/burlington/2017-bmw-2-series-13122245/,Convertible
2019,Chevrolet,Camaro,"$39,999",26790,orange,https://www.carpages.ca/used-cars/ontario/paris/2019-chevrolet-camaro-13121315/,Convertible
2015,Ford,Mustang,"$39,999",26354,red,https://www.carpages.ca/used-cars/ontario/paris/2015-ford-mustang-13121129/,Convertible
2023,Audi,TT,"$59,988",19527,black,https://www.carpages.ca/used-cars/ontario/whitby/2023-audi-tt-13118978/,Convertible
2021,Ford,Mustang,"$45,900",37890,black,https://www.carpages.ca/used-cars/ontario/vaughan/2021-ford-mustang-13118885/,Convertible
2018,BMW,M6,"$67,900",72448,black,https://www.carpages.ca/used-cars/ontario/vaughan/2018-bmw-m6-13118873/,Convertible
2016,Porsche,Boxster,"$53,900",85139,white,https://www.carpages.ca/used-cars/ontario/vaughan/2016-porsche-boxster-13118813/,Convertible
2019,Ford,Mustang,"$28,990",57612,gray,https://www.carpages.ca/used-cars/ontario/north-york/2019-ford-mustang-13117931/,Convertible
2006,Mercedes-Benz,SL500,"$19,999",96224,Other,https://www.carpages.ca/used-cars/ontario/st-thomas/2006-mercedes-benz-sl500-13117337/,Convertible
2024,Porsche,911,"$220,998",3960,gray,https://www.carpages.ca/used-cars/ontario/thornhill/2024-porsche-911-13116197/,Convertible
2026,Porsche,911,"$217,750",22,silver,https://www.carpages.ca/new-cars/nova-scotia/halifax/2026-porsche-911-13115840/,Convertible
2026,Jeep,Wrangler,"$58,950",4,mojito,https://www.carpages.ca/new-cars/nova-scotia/halifax/2026-jeep-wrangler-13115825/,Convertible
2026,Jeep,Wrangler,"$58,950",4,41,https://www.carpages.ca/new-cars/nova-scotia/halifax/2026-jeep-wrangler-13115822/,Convertible
2025,Jeep,Wrangler,"$72,075",10,black,https://www.carpages.ca/new-cars/saskatchewan/saskatoon/2025-jeep-wrangler-13115669/,Convertible
2012,Mitsubishi,Eclipse,"$5,999",139410,Other,https://www.carpages.ca/used-cars/ontario/toronto/2012-mitsubishi-eclipse-13113638/,Convertible
2025,Ford,Bronco,"$55,500",10,black,https://www.carpages.ca/new-cars/saskatchewan/regina/2025-ford-bronco-13113005/,Convertible
2014,BMW,4,"$24,900",152584,white,https://www.carpages.ca/used-cars/alberta/edmonton/2014-bmw-4-series-13110458/,Convertible
2016,Jeep,Wrangler,"$24,623",120053,white,https://www.carpages.ca/used-cars/alberta/calgary/2016-jeep-wrangler-13109894/,Convertible
2026,Jeep,Wrangler,"$58,950",4,anvil,https://www.carpages.ca/new-cars/nova-scotia/halifax/2026-jeep-wrangler-13109060/,Convertible
2026,Jeep,Wrangler,"$81,465",10,white,https://www.carpages.ca/new-cars/saskatchewan/saskatoon/2026-jeep-wrangler-13108955/,Convertible
2025,Jeep,Wrangler,"$75,360",10,white,https://www.carpages.ca/new-cars/saskatchewan/saskatoon/2025-jeep-wrangler-13108952/,Convertible
2023,Chevrolet,Corvette,"$101,988",5594,red,https://www.carpages.ca/used-cars/ontario/st-catharines/2023-chevrolet-corvette-13108538/,Convertible
2015,Chevrolet,Corvette,"$54,800",65290,red,https://www.carpages.ca/used-cars/manitoba/headingley/2015-chevrolet-corvette-13108337/,Convertible
2022,Ford,Mustang,"$42,999",8800,black,https://www.carpages.ca/used-cars/british-columbia/richmond/2022-ford-mustang-13106189/,Convertible
2024,Jeep,Wrangler,"$55,697",27865,anvil,https://www.carpages.ca/used-cars/ontario/barrie/2024-jeep-wrangler-4xe-13106015/,Convertible
2026,Chevrolet,Corvette,"$106,904",4,green,https://www.carpages.ca/new-cars/alberta/calgary/2026-chevrolet-corvette-13105532/,Convertible
2020,Mercedes-Benz,SLC,"$62,994",20155,gray,https://www.carpages.ca/used-cars/newfoundland-and-labrador/st-john-s/2020-mercedes-benz-slc-13104968/,Convertible
2017,Fiat,124,"$22,999",81425,red,https://www.carpages.ca/used-cars/saskatchewan/saskatoon/2017-fiat-124-spider-13104848/,Convertible
2017,Volkswagen,Beetle,"$22,173",98036,gold,https://www.carpages.ca/used-cars/ontario/ottawa/2017-volkswagen-beetle-13103588/,Convertible
2014,Mercedes-Benz,SL-Class,"$37,999",71045,white,https://www.carpages.ca/used-cars/ontario/mississauga/2014-mercedes-benz-sl-class-13102031/,Convertible
2023,Chevrolet,Corvette,"$106,988",5666,orange,https://www.carpages.ca/used-cars/ontario/brantford/2023-chevrolet-corvette-13099058/,Convertible
2024,Chevrolet,Corvette,"$108,988",1925,maroon,https://www.carpages.ca/used-cars/ontario/brantford/2024-chevrolet-corvette-13099055/,Convertible
2010,Mazda,Miata,"$13,977",149824,blue,https://www.carpages.ca/used-cars/ontario/toronto/2010-mazda-miata-mx-5-13097399/,Convertible
2022,Ford,Bronco,"$36,694",96023,blue,https://www.carpages.ca/used-cars/manitoba/winnipeg/2022-ford-bronco-13095932/,Convertible
2020,Ford,Mustang,"$32,999",18635,blue,https://www.carpages.ca/used-cars/ontario/ottawa/2020-ford-mustang-13095551/,Convertible
2005,Suzuki,Burgman,$999,70118,choisir,https://www.carpages.ca/used-cars/quebec/saint-lazare/2005-suzuki-burgman-13095494/,Convertible
2002,Mercedes-Benz,CLK,"$5,995",206714,silver,https://www.carpages.ca/used-cars/ontario/hamilton/2002-mercedes-benz-clk-13094114/,Convertible
2015,MINI,Cooper,"$15,900",69000,black,https://www.carpages.ca/used-cars/ontario/north-york/2015-mini-cooper-convertible-13092470/,Convertible
2021,Mercedes-Benz,E53,"$79,900",51549,white,https://www.carpages.ca/used-cars/alberta/calgary/2021-mercedes-benz-e53-13089128/,Convertible
2024,Porsche,Boxster,"$137,887",5200,Other,https://www.carpages.ca/used-cars/newfoundland-and-labrador/st-john-s/2024-porsche-boxster-13089005/,Convertible
2024,Jeep,Wrangler,"$56,123",32636,earl,https://www.carpages.ca/used-cars/alberta/calgary/2024-jeep-wrangler-4xe-13088156/,Convertible
2024,Porsche,Boxster,"$104,377",3454,black,https://www.carpages.ca/used-cars/nova-scotia/halifax/2024-porsche-boxster-13087994/,Convertible
2024,Chevrolet,Corvette,"$168,888",2525,red,https://www.carpages.ca/used-cars/ontario/mississauga/2024-chevrolet-corvette-13087955/,Convertible
2023,Mazda,Miata,"$31,790",51500,Other,https://www.carpages.ca/used-cars/ontario/ottawa/2023-mazda-miata-mx-5-13087277/,Convertible
2009,Ford,Mustang,"$22,987",87253,black,https://www.carpages.ca/used-cars/saskatchewan/moose-jaw/2009-ford-mustang-13085738/,Convertible
2025,Jeep,Wrangler,"$77,035",4,blue,https://www.carpages.ca/new-cars/nova-scotia/halifax/2025-jeep-wrangler-13080368/,Convertible
2026,Jeep,Wrangler,"$88,395",4,anvil,https://www.carpages.ca/new-cars/nova-scotia/halifax/2026-jeep-wrangler-13080353/,Convertible
2025,Jeep,Wrangler,"$87,285",4,black,https://www.carpages.ca/new-cars/nova-scotia/halifax/2025-jeep-wrangler-13080350/,Convertible
2007,Ford,Mustang,"$8,999",174320,red,https://www.carpages.ca/used-cars/ontario/mississauga/2007-ford-mustang-13078246/,Convertible
2014,Bentley,Continental,"$89,888",14828,Other,https://www.carpages.ca/used-cars/ontario/mississauga/2014-bentley-continental-13076167/,Convertible
2017,Mazda,Miata,"$24,995",79000,black,https://www.carpages.ca/used-cars/ontario/london/2017-mazda-miata-mx-5-13075669/,Convertible
2021,Ford,Mustang,"$31,348",40253,black,https://www.carpages.ca/used-cars/nova-scotia/halifax/2021-ford-mustang-13072558/,Convertible
2013,Audi,S5,"$22,995",118155,white,https://www.carpages.ca/used-cars/ontario/st-catharines/2013-audi-s5-13072228/,Convertible
2016,BMW,2,"$32,995",61921,blue,https://www.carpages.ca/used-cars/british-columbia/coquitlam/2016-bmw-2-series-13068625/,Convertible
2015,Mercedes-Benz,SLK,"$29,900",113000,gray,https://www.carpages.ca/used-cars/ontario/north-york/2015-mercedes-benz-slk-13067671/,Convertible
2024,BMW,M4,"$100,576",36048,white,https://www.carpages.ca/used-cars/alberta/calgary/2024-bmw-m4-13066918/,Convertible
2015,Audi,A3,"$18,500",98045,gray,https://www.carpages.ca/used-cars/ontario/etobicoke/2015-audi-a3-13063592/,Convertible
2014,Fiat,500,"$10,995",89000,blue,https://www.carpages.ca/used-cars/ontario/london/2014-fiat-500-13063475/,Convertible
2018,Volkswagen,Beetle,"$24,995",75000,black,https://www.carpages.ca/used-cars/ontario/london/2018-volkswagen-beetle-13063445/,Convertible
2016,Mazda,Miata,"$23,995",90000,red,https://www.carpages.ca/used-cars/ontario/london/2016-mazda-miata-mx-5-13063337/,Convertible
2009,Nissan,350Z,"$19,995",93000,blue,https://www.carpages.ca/used-cars/ontario/london/2009-nissan-350z-13063166/,Convertible
2018,Mazda,Miata,"$30,995",7000,white,https://www.carpages.ca/used-cars/ontario/london/2018-mazda-miata-mx-5-13063154/,Convertible
2024,Mazda,Miata,"$35,995",5000,red,https://www.carpages.ca/used-cars/ontario/london/2024-mazda-miata-mx-5-13063148/,Convertible
2007,Saturn,Sky,"$13,495",121000,blue,https://www.carpages.ca/used-cars/ontario/london/2007-saturn-sky-13063031/,Convertible
2011,Mazda,Miata,"$15,495",157000,red,https://www.carpages.ca/used-cars/ontario/london/2011-mazda-miata-mx-5-13062977/,Convertible
2001,Plymouth,Prowler,"$44,995",32000,blue,https://www.carpages.ca/used-cars/ontario/london/2001-plymouth-prowler-13062968/,Convertible
2012,Ford,Mustang,"$25,495",91000,red,https://www.carpages.ca/used-cars/ontario/london/2012-ford-mustang-13062896/,Convertible
2025,Mazda,Miata,"$47,745",6,black,https://www.carpages.ca/new-cars/nova-scotia/dartmouth/2025-mazda-miata-mx-5-13061495/,Convertible
2025,Jeep,Wrangler,"$75,170",10,white,https://www.carpages.ca/new-cars/saskatchewan/saskatoon/2025-jeep-wrangler-13061288/,Convertible
2022,Chevrolet,Corvette,"$85,988",30200,black,https://www.carpages.ca/used-cars/manitoba/winnipeg/2022-chevrolet-corvette-13060799/,Convertible
1976,Alfa,Romeo,"$10,999",96946,red,https://www.carpages.ca/used-cars/ontario/stoney-creek/1976-alfa-romeo-spider-13058516/,Convertible
2026,Chevrolet,Corvette,"$107,398",10,green,https://www.carpages.ca/new-cars/nova-scotia/dartmouth/2026-chevrolet-corvette-13057883/,Convertible
2026,Chevrolet,Corvette,"$220,304",10,red,https://www.carpages.ca/new-cars/ontario/orleans/2026-chevrolet-corvette-13057295/,Convertible
2026,Chevrolet,Corvette,"$138,764",10,silver,https://www.carpages.ca/new-cars/ontario/orleans/2026-chevrolet-corvette-13057292/,Convertible
2014,Fiat,500,"$9,900",0,beige,https://www.carpages.ca/used-cars/ontario/london/2014-fiat-500-13053890/,Convertible
2021,Jeep,Wrangler,"$42,620",53000,black,https://www.carpages.ca/used-cars/alberta/calgary/2021-jeep-wrangler-13053422/,Convertible
2017,Jeep,Wrangler,"$20,995",131972,chief,https://www.carpages.ca/used-cars/newfoundland-and-labrador/grand-falls-windsor/2017-jeep-wrangler-13052390/,Convertible
2019,Audi,A3,"$29,993",53372,black,https://www.carpages.ca/used-cars/new-brunswick/fredericton/2019-audi-a3-13051685/,Convertible
2017,Ford,Mustang,"$29,995",137973,magnetic,https://www.carpages.ca/used-cars/british-columbia/coquitlam/2017-ford-mustang-13051505/,Convertible
2010,Lexus,IS,"$17,680",196911,gray,https://www.carpages.ca/used-cars/british-columbia/surrey/2010-lexus-is-250-13051451/,Convertible
2025,Ford,Bronco,"$60,071.50",0,gray,https://www.carpages.ca/new-cars/nova-scotia/port-hawkesbury/2025-ford-bronco-13047296/,Convertible
2024,Jeep,Wrangler,"$51,623",3295,granite,https://www.carpages.ca/used-cars/alberta/calgary/2024-jeep-wrangler-13045547/,Convertible
2010,Porsche,Boxster,"$39,490",51962,black,https://www.carpages.ca/used-cars/ontario/toronto/2010-porsche-boxster-13043885/,Convertible
2025,Ford,Bronco,"$64,251",10,gray,https://www.carpages.ca/new-cars/saskatchewan/regina/2025-ford-bronco-13042373/,Convertible
2019,Jeep,Wrangler,"$28,486",102499,granite,https://www.carpages.ca/used-cars/ontario/innisfil/2019-jeep-wrangler-13033357/,Convertible
2013,BMW,3,"$22,888",91035,blue,https://www.carpages.ca/used-cars/ontario/mississauga/2013-bmw-3-series-13031596/,Convertible
2017,Ford,Mustang,"$27,988",23739,red,https://www.carpages.ca/used-cars/ontario/st-catharines/2017-ford-mustang-13031416/,Convertible
2018,Porsche,Boxster,"$69,900",126918,black,https://www.carpages.ca/used-cars/ontario/vaughan/2018-porsche-boxster-13031170/,Convertible
2012,BMW,3,"$19,980",124724,black,https://www.carpages.ca/used-cars/british-columbia/surrey/2012-bmw-3-series-13022305/,Convertible
2018,Mercedes-Benz,S-Class,"$116,900",22498,black,https://www.carpages.ca/used-cars/ontario/vaughan/2018-mercedes-benz-s-class-13022284/,Convertible
2019,Mercedes-Benz,SLC,"$42,999",46000,silver,https://www.carpages.ca/used-cars/ontario/barrie/2019-mercedes-benz-slc-13021201/,Convertible
2021,Jeep,Wrangler,"$42,999",70363,green,https://www.carpages.ca/used-cars/saskatchewan/saskatoon/2021-jeep-wrangler-13019485/,Convertible
2022,Ford,Bronco,"$39,988",54258,gray,https://www.carpages.ca/used-cars/nova-scotia/dartmouth/2022-ford-bronco-13012015/,Convertible
2025,Ford,Mustang,"$46,746",27,blue,https://www.carpages.ca/new-cars/ontario/peterborough/2025-ford-mustang-13011139/,Convertible
2019,Porsche,Boxster,"$69,900",13523,white,https://www.carpages.ca/used-cars/ontario/vaughan/2019-porsche-boxster-13009993/,Convertible
1995,Mercedes-Benz,SL-Class,"$19,800",92000,black,https://www.carpages.ca/used-cars/manitoba/headingley/1995-mercedes-benz-sl-class-13009963/,Convertible
2026,Chevrolet,Corvette,"$188,908",9,white,https://www.carpages.ca/new-cars/alberta/calgary/2026-chevrolet-corvette-13006393/,Convertible
2020,Jeep,Wrangler,"$39,999",88542,white,https://www.carpages.ca/used-cars/saskatchewan/saskatoon/2020-jeep-wrangler-13005685/,Convertible
2022,Ford,Bronco,"$43,901",55767,blue,https://www.carpages.ca/used-cars/saskatchewan/regina/2022-ford-bronco-13005673/,Convertible
2024,Ford,Mustang,"$38,588",60600,black,https://www.carpages.ca/used-cars/nova-scotia/dartmouth/2024-ford-mustang-13002679/,Convertible
2015,BMW,4,"$22,985",123780,gray,https://www.carpages.ca/used-cars/ontario/north-york/2015-bmw-4-series-13002544/,Convertible
2014,Maserati,GranTurismo,"$58,888",74328,Other,https://www.carpages.ca/used-cars/ontario/mississauga/2014-maserati-granturismo-13001263/,Convertible
2018,Porsche,Boxster,"$57,978",73571,black,https://www.carpages.ca/used-cars/quebec/saint-hubert/2018-porsche-boxster-13000870/,Convertible
2017,Volkswagen,Beetle,"$21,495",128000,black,https://www.carpages.ca/used-cars/ontario/burlington/2017-volkswagen-beetle-12999118/,Convertible
2007,Pontiac,Solstice,"$16,900",61500,silver,https://www.carpages.ca/used-cars/ontario/vaughan/2007-pontiac-solstice-12997048/,Convertible
2020,Ford,Mustang,"$25,880",70096,black,https://www.carpages.ca/used-cars/ontario/mississauga/2020-ford-mustang-12994864/,Convertible
2025,Jeep,Wrangler,"$77,035",4,black,https://www.carpages.ca/new-cars/nova-scotia/halifax/2025-jeep-wrangler-12991066/,Convertible
2013,Mercedes-Benz,E-Class,"$23,780",66296,gray,https://www.carpages.ca/used-cars/british-columbia/surrey/2013-mercedes-benz-e-class-12990292/,Convertible
2017,Land,Rover,"$29,987",43469,white,https://www.carpages.ca/used-cars/saskatchewan/moose-jaw/2017-land-rover-evoque-12987019/,Convertible
2015,BMW,2,"$21,979",62520,blue,https://www.carpages.ca/used-cars/quebec/saint-hubert/2015-bmw-2-series-12985294/,Convertible
2003,Mercedes-Benz,SL-Class,"$11,999",200328,black,https://www.carpages.ca/used-cars/ontario/oakville/2003-mercedes-benz-sl-class-12983557/,Convertible
2023,Ferrari,Portofino,"$339,900",5273,rosso,https://www.carpages.ca/used-cars/ontario/markham/2023-ferrari-portofino-12982789/,Convertible
2025,Ford,Mustang,"$74,987",388,white,https://www.carpages.ca/new-cars/saskatchewan/moose-jaw/2025-ford-mustang-12981913/,Convertible
2006,Chevrolet,Corvette,"$29,995",79439,black,https://www.carpages.ca/used-cars/ontario/orillia/2006-chevrolet-corvette-12980320/,Convertible
2018,BMW,4,"$26,495",89189,silver,https://www.carpages.ca/used-cars/ontario/scarborough/2018-bmw-4-series-12979255/,Convertible
2017,Chevrolet,Camaro,"$44,900",39389,blue,https://www.carpages.ca/used-cars/saskatchewan/moose-jaw/2017-chevrolet-camaro-12977503/,Convertible
2025,Chevrolet,Corvette,"$184,074",4,yellow,https://www.carpages.ca/new-cars/alberta/calgary/2025-chevrolet-corvette-12977389/,Convertible
2011,BMW,1,"$18,995",93000,black,https://www.carpages.ca/used-cars/ontario/kitchener/2011-bmw-1-series-12974929/,Convertible
2011,BMW,1,"$18,995",93000,black,https://www.carpages.ca/used-cars/ontario/ancaster/2011-bmw-1-series-12974914/,Convertible
2014,BMW,428i,"$27,995",65486,white,https://www.carpages.ca/used-cars/alberta/calgary/2014-bmw-428i-12973933/,Convertible
2018,BMW,4,"$29,990",85538,black,https://www.carpages.ca/used-cars/ontario/north-york/2018-bmw-4-series-12968393/,Convertible
2025,Jeep,Wrangler,"$75,865",20,mojito,https://www.carpages.ca/new-cars/saskatchewan/saskatoon/2025-jeep-wrangler-12966941/,Convertible
2019,Audi,S5,"$44,995",60860,black,https://www.carpages.ca/used-cars/british-columbia/coquitlam/2019-audi-s5-12966341/,Convertible
2006,Ford,Mustang,"$26,999",39615,white,https://www.carpages.ca/used-cars/ontario/paris/2006-ford-mustang-12964580/,Convertible
2008,BMW,M3,"$41,139",92848,black,https://www.carpages.ca/used-cars/british-columbia/langley-city/2008-bmw-m3-12959648/,Convertible
2023,Jeep,Wrangler,"$36,998",35000,gray,https://www.carpages.ca/used-cars/ontario/guelph/2023-jeep-wrangler-12958502/,Convertible
2003,Porsche,Boxster,"$24,900",99130,blue,https://www.carpages.ca/used-cars/ontario/vaughan/2003-porsche-boxster-12957390/,Convertible
2017,Porsche,911,"$106,900",81307,gray,https://www.carpages.ca/used-cars/ontario/vaughan/2017-porsche-911-12957384/,Convertible
2009,Mercedes-Benz,SL-Class,"$43,900",105966,silver,https://www.carpages.ca/used-cars/ontario/vaughan/2009-mercedes-benz-sl-class-12957323/,Convertible
2026,Chevrolet,Corvette,"$140,967",15,red,https://www.carpages.ca/new-cars/manitoba/winnipeg/2026-chevrolet-corvette-12952676/,Convertible
2025,Jeep,Wrangler,"$76,605",4,black,https://www.carpages.ca/new-cars/nova-scotia/halifax/2025-jeep-wrangler-12949388/,Convertible
2022,BMW,M4,"$85,995",47544,black,https://www.carpages.ca/used-cars/ontario/north-york/2022-bmw-m4-12948938/,Convertible
2022,Jeep,Wrangler,"$36,988",57610,white,https://www.carpages.ca/used-cars/ontario/guelph/2022-jeep-wrangler-12946814/,Convertible
2018,Ford,Mustang,"$26,895",64890,blue,https://www.carpages.ca/used-cars/ontario/scarborough/2018-ford-mustang-12946499/,Convertible
2008,BMW,6,"$24,500",92378,black,https://www.carpages.ca/used-cars/ontario/mississauga/2008-bmw-6-series-12944645/,Convertible
2025,Porsche,Boxster,"$142,241.80",90,silver,https://www.carpages.ca/new-cars/british-columbia/langley-city/2025-porsche-boxster-12944489/,Convertible
2024,Mazda,Miata,"$33,996",3466,gray,https://www.carpages.ca/used-cars/nova-scotia/truro/2024-mazda-miata-mx-5-12944027/,Convertible
2018,Mercedes-Benz,C-Class,"$30,895",83634,white,https://www.carpages.ca/used-cars/ontario/scarborough/2018-mercedes-benz-c-class-12940895/,Convertible
2021,Mazda,Miata,"$27,977",94569,gray,https://www.carpages.ca/used-cars/ontario/toronto/2021-mazda-miata-mx-5-12940343/,Convertible
2014,Mercedes-Benz,SLK,"$31,900",35439,gray,https://www.carpages.ca/used-cars/alberta/calgary/2014-mercedes-benz-slk-12940139/,Convertible
2024,Porsche,911,"$225,239",24902,gray,https://www.carpages.ca/used-cars/british-columbia/langley-city/2024-porsche-911-12935807/,Convertible
2018,Ford,Mustang,"$25,990",96673,black,https://www.carpages.ca/used-cars/ontario/north-york/2018-ford-mustang-12927530/,Convertible
2016,Mazda,Miata,"$21,777",112015,gray,https://www.carpages.ca/used-cars/ontario/toronto/2016-mazda-miata-mx-5-12923342/,Convertible
2008,Chevrolet,Corvette,"$31,777",110000,burgundy,https://www.carpages.ca/used-cars/ontario/toronto/2008-chevrolet-corvette-12923339/,Convertible
2023,Audi,S5,"$65,999",18585,blue,https://www.carpages.ca/used-cars/ontario/north-york/2023-audi-s5-12914051/,Convertible
2012,BMW,6,"$22,995",103000,white,https://www.carpages.ca/used-cars/ontario/kitchener/2012-bmw-6-series-12913268/,Convertible
2012,BMW,6,"$22,995",103000,white,https://www.carpages.ca/used-cars/ontario/ancaster/2012-bmw-6-series-12913253/,Convertible
2015,Chevrolet,Corvette,"$94,988",24342,white,https://www.carpages.ca/used-cars/ontario/brantford/2015-chevrolet-corvette-12910325/,Convertible
2026,Mercedes-Benz,CLE53,"$119,824",90,white,https://www.carpages.ca/new-cars/alberta/calgary/2026-mercedes-benz-cle53-amg-12903647/,Convertible
2026,Mercedes-Benz,CLE53,"$128,582.80",90,white,https://www.carpages.ca/new-cars/alberta/calgary/2026-mercedes-benz-cle53-amg-12903644/,Convertible
2023,Jeep,Wrangler,"$36,888",78636,silver,https://www.carpages.ca/used-cars/ontario/guelph/2023-jeep-wrangler-12902822/,Convertible
2024,BMW,Z4,"$67,900",11516,red,https://www.carpages.ca/used-cars/ontario/vaughan/2024-bmw-z4-12901997/,Convertible
2021,Jeep,Wrangler,"$37,458",78872,green,https://www.carpages.ca/used-cars/saskatchewan/saskatoon/2021-jeep-wrangler-12900440/,Convertible
2011,Suzuki,Burgman,"$1,800",56325,choisir,https://www.carpages.ca/used-cars/quebec/drummondville/2011-suzuki-burgman-400-abs-12899321/,Convertible
2024,Jeep,Wrangler,"$78,999",21212,white,https://www.carpages.ca/used-cars/saskatchewan/saskatoon/2024-jeep-wrangler-12899147/,Convertible
2013,BMW,3,"$18,900",121000,white,https://www.carpages.ca/used-cars/ontario/north-york/2013-bmw-3-series-12893249/,Convertible
2025,Jeep,Wrangler,"$78,110",4,red,https://www.carpages.ca/new-cars/nova-scotia/halifax/2025-jeep-wrangler-12886508/,Convertible
2025,Mazda,Miata,"$47,745",10,blue,https://www.carpages.ca/new-cars/newfoundland-and-labrador/st-john-s/2025-mazda-miata-mx-5-12881903/,Convertible
1989,Chevrolet,Corvette,"$12,495",104273,black,https://www.carpages.ca/used-cars/ontario/london/1989-chevrolet-corvette-12879821/,Convertible
2025,Jeep,Wrangler,"$75,355",10,black,https://www.carpages.ca/new-cars/saskatchewan/saskatoon/2025-jeep-wrangler-12873998/,Convertible
2025,Jeep,Wrangler,"$65,870",0,joose,https://www.carpages.ca/new-cars/saskatchewan/saskatoon/2025-jeep-wrangler-12865910/,Convertible
2006,BMW,3,"$5,995",269164,black,https://www.carpages.ca/used-cars/ontario/oakville/2006-bmw-3-series-12862700/,Convertible
2025,Jeep,Wrangler,"$69,060",10,41,https://www.carpages.ca/new-cars/saskatchewan/saskatoon/2025-jeep-wrangler-12860747/,Convertible
2025,Jeep,Wrangler,"$69,360",10,mojito,https://www.carpages.ca/new-cars/saskatchewan/saskatoon/2025-jeep-wrangler-12860729/,Convertible
2015,Chevrolet,Corvette,"$97,988",25205,red,https://www.carpages.ca/used-cars/ontario/brantford/2015-chevrolet-corvette-12859178/,Convertible
2006,Toyota,Camry,"$8,558",247208,white,https://www.carpages.ca/used-cars/ontario/etobicoke/2006-toyota-camry-solara-12858431/,Convertible
1968,Oldsmobile,Eighty-Eight,"$19,999",82993,burgundy,https://www.carpages.ca/used-cars/ontario/stoney-creek/1968-oldsmobile-eighty-eight-12857987/,Convertible
2023,Mazda,Miata,"$32,980",53000,red,https://www.carpages.ca/used-cars/british-columbia/surrey/2023-mazda-miata-mx-5-12855350/,Convertible
2004,Mazda,MAZDASPEED,"$20,990",107865,red,https://www.carpages.ca/used-cars/ontario/ottawa/2004-mazda-mazdaspeed-mx-5-miata-12854600/,Convertible
2024,Chevrolet,Corvette,"$174,900",9339,white,https://www.carpages.ca/used-cars/ontario/leamington/2024-chevrolet-corvette-12854075/,Convertible
2025,Jeep,Wrangler,"$63,465",4,black,https://www.carpages.ca/new-cars/nova-scotia/halifax/2025-jeep-wrangler-12852449/,Convertible
2025,Jeep,Wrangler,"$76,505",4,joose,https://www.carpages.ca/new-cars/nova-scotia/halifax/2025-jeep-wrangler-12852437/,Convertible
2004,Mazda,MAZDASPEED,"$18,990",136900,red,https://www.carpages.ca/used-cars/ontario/ottawa/2004-mazda-mazdaspeed-mx-5-miata-12847382/,Convertible
2003,Porsche,911,"$23,777",230000,black,https://www.carpages.ca/used-cars/ontario/toronto/2003-porsche-911-12845596/,Convertible
2025,Mercedes-Benz,SL-Class,"$176,295",90,black,https://www.carpages.ca/new-cars/british-columbia/vancouver/2025-mercedes-benz-sl-class-12840100/,Convertible
2008,Saturn,Sky,"$15,995",63000,black,https://www.carpages.ca/used-cars/british-columbia/surrey/2008-saturn-sky-12837811/,Convertible
2015,Ford,Mustang,"$24,488",53550,red,https://www.carpages.ca/used-cars/ontario/guelph/2015-ford-mustang-12836710/,Convertible
2014,Infiniti,Q60,"$19,999",120000,white,https://www.carpages.ca/used-cars/ontario/toronto/2014-infiniti-q60-12833989/,Convertible
2011,Bentley,Continental,"$69,900",56361,white,https://www.carpages.ca/used-cars/ontario/vaughan/2011-bentley-continental-12832678/,Convertible
2025,Porsche,Boxster,"$117,785.80",90,chalk,https://www.carpages.ca/new-cars/british-columbia/langley-city/2025-porsche-boxster-12827647/,Convertible
2025,Porsche,Boxster,"$111,005.80",90,black,https://www.carpages.ca/new-cars/british-columbia/langley-city/2025-porsche-boxster-12827644/,Convertible
2025,Porsche,Boxster,"$110,561.80",90,gray,https://www.carpages.ca/new-cars/british-columbia/langley-city/2025-porsche-boxster-12827641/,Convertible
2025,Jeep,Wrangler,"$75,065",10,joose,https://www.carpages.ca/new-cars/saskatchewan/saskatoon/2025-jeep-wrangler-12826099/,Convertible
2025,Jeep,Wrangler,"$74,370",10,white,https://www.carpages.ca/new-cars/saskatchewan/saskatoon/2025-jeep-wrangler-12826087/,Convertible
2004,Chrysler,Sebring,"$2,495",194853,red,https://www.carpages.ca/used-cars/ontario/london/2004-chrysler-sebring-12823789/,Convertible
1956,Chevrolet,Corvette,"$89,900",50000,blue,https://www.carpages.ca/used-cars/ontario/toronto/1956-chevrolet-corvette-12823198/,Convertible
2022,Ford,Bronco,"$42,900",48497,gray,https://www.carpages.ca/used-cars/saskatchewan/regina/2022-ford-bronco-12821788/,Convertible
2018,Ford,Mustang,"$28,995",94000,blue,https://www.carpages.ca/used-cars/british-columbia/surrey/2018-ford-mustang-12817996/,Convertible
2023,Jeep,Wrangler,"$36,488",93468,high,https://www.carpages.ca/used-cars/ontario/barrie/2023-jeep-wrangler-12817588/,Convertible
2023,Audi,R8,"$217,997",17815,white,https://www.carpages.ca/used-cars/ontario/thornhill/2023-audi-r8-12816745/,Convertible
1978,MG,MGB,"$6,800",53252,yellow,https://www.carpages.ca/used-cars/ontario/st-catharines/1978-mg-mgb-roadster-12813292/,Convertible
2015,Audi,A3,"$18,990",173213,white,https://www.carpages.ca/used-cars/alberta/calgary/2015-audi-a3-12808975/,Convertible
2025,Porsche,Boxster,"$126,545.80",90,white,https://www.carpages.ca/new-cars/british-columbia/langley-city/2025-porsche-boxster-12807505/,Convertible
2014,Aston,Martin,"$83,888",21713,black,https://www.carpages.ca/used-cars/ontario/mississauga/2014-aston-martin-v8-vantage-12802678/,Convertible
2025,Jeep,Wrangler,"$73,765",4,white,https://www.carpages.ca/new-cars/nova-scotia/halifax/2025-jeep-wrangler-12799495/,Convertible
2018,Jeep,Wrangler,"$38,688",72146,white,https://www.carpages.ca/used-cars/ontario/guelph/2018-jeep-wrangler-12789731/,Convertible
2025,Ford,Mustang,"$67,737",3075,molten,https://www.carpages.ca/new-cars/ontario/ingleside/2025-ford-mustang-12789542/,Convertible
2022,Jeep,Wrangler,"$38,415",62945,silver,https://www.carpages.ca/used-cars/saskatchewan/saskatoon/2022-jeep-wrangler-12789041/,Convertible
2008,BMW,335i,"$14,988",125561,blue,https://www.carpages.ca/used-cars/alberta/calgary/2008-bmw-335i-12786965/,Convertible
2008,Ford,Mustang,"$69,995",13239,blue,https://www.carpages.ca/used-cars/ontario/london/2008-ford-mustang-12786518/,Convertible
2025,Porsche,718,"$264,111.65",90,white,https://www.carpages.ca/new-cars/british-columbia/langley-city/2025-porsche-718-12785480/,Convertible
2025,Jeep,Wrangler,"$57,980",12,mojito,https://www.carpages.ca/new-cars/nova-scotia/halifax/2025-jeep-wrangler-12784034/,Convertible
2011,Ford,Mustang,"$13,970",186762,blue,https://www.carpages.ca/used-cars/british-columbia/surrey/2011-ford-mustang-12783131/,Convertible
2019,Chevrolet,Corvette,"$229,988",15458,orange,https://www.carpages.ca/used-cars/ontario/brantford/2019-chevrolet-corvette-12782669/,Convertible
2025,Porsche,911,"$253,881.65",90,gray,https://www.carpages.ca/new-cars/british-columbia/langley-city/2025-porsche-911-12781139/,Convertible
2022,Ford,Mustang,"$35,888",30000,blue,https://www.carpages.ca/used-cars/ontario/guelph/2022-ford-mustang-12777242/,Convertible
1979,Mercedes-Benz,SL,"$25,995",142000,blue,https://www.carpages.ca/used-cars/ontario/mississauga/1979-mercedes-benz-sl-450-12776249/,Convertible
2015,MINI,Cooper,"$17,995",73000,ivory,https://www.carpages.ca/used-cars/british-columbia/surrey/2015-mini-cooper-12774569/,Convertible
2025,Jeep,Wrangler,"$75,465",0,joose,https://www.carpages.ca/new-cars/saskatchewan/saskatoon/2025-jeep-wrangler-12773012/,Convertible
1967,Ford,Mustang,"$78,000",25878,silver,https://www.carpages.ca/used-cars/ontario/mississauga/1967-ford-mustang-12768896/,Convertible
2002,Porsche,Boxster,"$19,995",154900,silver,https://www.carpages.ca/used-cars/ontario/mississauga/2002-porsche-boxster-12768827/,Convertible
1980,Mercedes-Benz,450,"$27,995",115000,gold,https://www.carpages.ca/used-cars/ontario/mississauga/1980-mercedes-benz-450-12768800/,Convertible
1988,Alfa,Romeo,"$19,995",50700,black,https://www.carpages.ca/used-cars/ontario/mississauga/1988-alfa-romeo-spider-12768797/,Convertible
2008,Jaguar,XKR,"$32,995",57000,black,https://www.carpages.ca/used-cars/ontario/mississauga/2008-jaguar-xkr-12768767/,Convertible
2022,Mazda,Miata,"$34,214",8793,black,https://www.carpages.ca/used-cars/prince-edward-island/charlottetown/2022-mazda-miata-mx-5-12767516/,Convertible
2011,Audi,R8,"$97,900",67884,white,https://www.carpages.ca/used-cars/ontario/vaughan/2011-audi-r8-12761853/,Convertible
2025,Porsche,718,"$264,144.65",90,gray,https://www.carpages.ca/new-cars/british-columbia/langley-city/2025-porsche-718-12759312/,Convertible
2015,Ford,Mustang,"$37,995",46965,gray,https://www.carpages.ca/used-cars/ontario/kingston/2015-ford-mustang-12756948/,Convertible
2025,Jeep,Wrangler,"$70,470",10,joose,https://www.carpages.ca/new-cars/saskatchewan/saskatoon/2025-jeep-wrangler-12750474/,Convertible
2000,Mazda,Miata,"$9,985",153647,silver,https://www.carpages.ca/used-cars/ontario/ottawa/2000-mazda-miata-mx-5-12749736/,Convertible
2020,Ford,Mustang,"$30,988",35000,white,https://www.carpages.ca/used-cars/ontario/guelph/2020-ford-mustang-12747621/,Convertible
2025,Jeep,Wrangler,"$70,470",10,joose,https://www.carpages.ca/new-cars/saskatchewan/saskatoon/2025-jeep-wrangler-12742233/,Convertible
1995,Pontiac,Trans,"$3,500",255628,green,https://www.carpages.ca/used-cars/ontario/oakville/1995-pontiac-trans-am-12739437/,Convertible
2019,Jeep,Wrangler,"$28,996",119843,punk,https://www.carpages.ca/used-cars/ontario/barrie/2019-jeep-wrangler-12729297/,Convertible
2018,Ford,Mustang,"$28,995",46939,black,https://www.carpages.ca/used-cars/ontario/bowmanville/2018-ford-mustang-12723243/,Convertible
2006,Nissan,FAIRLADY,"$12,800",52748,black,https://www.carpages.ca/used-cars/british-columbia/burnaby/2006-nissan-fairlady-12721098/,Convertible
2007,Chrysler,Crossfire,"$13,990",55774,silver,https://www.carpages.ca/used-cars/ontario/toronto/2007-chrysler-crossfire-12718854/,Convertible
2025,Mazda,Miata,"$49,084",10,red,https://www.carpages.ca/new-cars/ontario/greater-sudbury/2025-mazda-miata-mx-5-12717201/,Convertible
2025,Mazda,Miata,"$48,045",15,white,https://www.carpages.ca/new-cars/newfoundland-and-labrador/st-john-s/2025-mazda-miata-mx-5-12716214/,Convertible
2025,Mazda,Miata,"$41,595",504,gray,https://www.carpages.ca/new-cars/nova-scotia/dartmouth/2025-mazda-miata-mx-5-12711171/,Convertible
2025,Jeep,Wrangler,"$70,470",10,mojito,https://www.carpages.ca/new-cars/saskatchewan/saskatoon/2025-jeep-wrangler-12710904/,Convertible
2023,Jeep,Wrangler,"$51,941",19140,black,https://www.carpages.ca/used-cars/saskatchewan/saskatoon/2023-jeep-wrangler-12710811/,Convertible
2022,Jeep,Wrangler,"$47,893",40449,gray,https://www.carpages.ca/used-cars/saskatchewan/saskatoon/2022-jeep-wrangler-12710784/,Convertible
2023,Jeep,Wrangler,"$51,941",24131,gray,https://www.carpages.ca/used-cars/saskatchewan/saskatoon/2023-jeep-wrangler-12710781/,Convertible
2005,BMW,M3,"$28,888",93000,silver,https://www.carpages.ca/used-cars/ontario/toronto/2005-bmw-m3-12709131/,Convertible
2018,BMW,M4,"$53,795",105654,black,https://www.carpages.ca/used-cars/ontario/ottawa/2018-bmw-m4-12702663/,Convertible
2021,Ford,Mustang,"$48,990",51100,black,https://www.carpages.ca/used-cars/alberta/calgary/2021-ford-mustang-12699825/,Convertible
2007,Pontiac,Solstice,"$11,980",92283,black,https://www.carpages.ca/used-cars/ontario/ottawa/2007-pontiac-solstice-12699333/,Convertible
2019,Chevrolet,Corvette,"$109,995",28856,black,https://www.carpages.ca/used-cars/ontario/guelph/2019-chevrolet-corvette-12698634/,Convertible
2019,Porsche,911,"$144,900",53995,sliver,https://www.carpages.ca/used-cars/ontario/markham/2019-porsche-911-12695865/,Convertible
2005,Chevrolet,Corvette,"$28,777",97699,red,https://www.carpages.ca/used-cars/ontario/toronto/2005-chevrolet-corvette-12695115/,Convertible
2020,Jeep,Wrangler,"$29,995",38247,blue,https://www.carpages.ca/used-cars/ontario/cayuga/2020-jeep-wrangler-12693210/,Convertible
2004,Chevrolet,Corvette,"$29,800",74000,red,https://www.carpages.ca/used-cars/manitoba/headingley/2004-chevrolet-corvette-12690801/,Convertible
1962,Chevrolet,Corvette,"$120,000",4689,silver,https://www.carpages.ca/used-cars/ontario/etobicoke/1962-chevrolet-corvette-12689127/,Convertible
2003,Mercedes-Benz,SL-Class,"$15,999",126432,tan,https://www.carpages.ca/used-cars/ontario/woodbridge/2003-mercedes-benz-sl-class-12684162/,Convertible
2013,BMW,3,"$22,995",83795,white,https://www.carpages.ca/used-cars/ontario/ottawa/2013-bmw-3-series-12683667/,Convertible
2023,Jeep,Wrangler,"$35,287",82710,black,https://www.carpages.ca/used-cars/ontario/barrie/2023-jeep-wrangler-12678966/,Convertible
2024,MINI,Cooper,"$37,988",30500,white,https://www.carpages.ca/used-cars/ontario/guelph/2024-mini-cooper-convertible-12678609/,Convertible
2016,Mazda,Miata,"$24,888",61350,ceramic,https://www.carpages.ca/used-cars/ontario/guelph/2016-mazda-miata-mx-5-12678573/,Convertible
2022,Ford,Mustang,"$51,990",33440,white,https://www.carpages.ca/used-cars/alberta/calgary/2022-ford-mustang-12676566/,Convertible
2018,BMW,2,"$20,979",135521,blue,https://www.carpages.ca/used-cars/quebec/saint-hubert/2018-bmw-2-series-12670593/,Convertible
2016,Jeep,Wrangler,"$18,988",120575,Other,https://www.carpages.ca/used-cars/alberta/calgary/2016-jeep-wrangler-12667650/,Convertible
2023,Ford,Mustang,"$36,888",59469,red,https://www.carpages.ca/used-cars/ontario/mississauga/2023-ford-mustang-12659715/,Convertible
2017,Mercedes-Benz,C-Class,"$37,900",79869,white,https://www.carpages.ca/used-cars/manitoba/carberry/2017-mercedes-benz-c-class-12653211/,Convertible
1992,Chevrolet,Corvette,"$23,820",62323,white,https://www.carpages.ca/used-cars/british-columbia/burnaby/1992-chevrolet-corvette-12643878/,Convertible
2017,Mercedes-Benz,C-Class,"$38,898",43771,black,https://www.carpages.ca/used-cars/ontario/vaughan/2017-mercedes-benz-c-class-12643476/,Convertible
2025,Porsche,Boxster,"$113,393.80",90,white,https://www.carpages.ca/new-cars/british-columbia/langley-city/2025-porsche-boxster-12640455/,Convertible
2020,Mazda,Miata,"$28,888",26532,gray,https://www.carpages.ca/used-cars/nova-scotia/dartmouth/2020-mazda-miata-mx-5-12639339/,Convertible
2011,BMW,3,"$28,800",93000,black,https://www.carpages.ca/used-cars/manitoba/headingley/2011-bmw-3-series-12637461/,Convertible
2001,Ferrari,360,"$123,900",32500,grigio,https://www.carpages.ca/used-cars/ontario/markham/2001-ferrari-360-spider-12635025/,Convertible
2003,Mazda,Miata,"$13,988",50774,red,https://www.carpages.ca/used-cars/ontario/ottawa/2003-mazda-miata-mx-5-12626892/,Convertible
2025,Jeep,Wrangler,"$71,745",4,granite,https://www.carpages.ca/new-cars/nova-scotia/halifax/2025-jeep-wrangler-12617268/,Convertible
2013,Infiniti,G,"$11,295",217420,black,https://www.carpages.ca/used-cars/ontario/burlington/2013-infiniti-g-convertible-12614755/,Convertible
2025,Porsche,Boxster,"$118,637.80",90,silver,https://www.carpages.ca/new-cars/british-columbia/langley-city/2025-porsche-boxster-12613672/,Convertible
2016,Mazda,Miata,"$20,988",77998,Other,https://www.carpages.ca/used-cars/alberta/calgary/2016-mazda-miata-mx-5-12608347/,Convertible
2025,Porsche,Boxster,"$115,121.80",90,blue,https://www.carpages.ca/new-cars/british-columbia/langley-city/2025-porsche-boxster-12602833/,Convertible
2025,Porsche,Boxster,"$125,933.80",90,black,https://www.carpages.ca/new-cars/british-columbia/langley-city/2025-porsche-boxster-12597853/,Convertible
2025,Ford,Mustang,"$75,521",4981,black,https://www.carpages.ca/new-cars/ontario/peterborough/2025-ford-mustang-12596449/,Convertible
1966,Ford,Galaxie,"$39,995",80502,red,https://www.carpages.ca/used-cars/ontario/perth/1966-ford-galaxie-500-12594643/,Convertible
2005,Toyota,Solara,"$9,995",177000,white,https://www.carpages.ca/used-cars/british-columbia/surrey/2005-toyota-solara-12589009/,Convertible
2025,Jeep,Wrangler,"$72,910",4,mojito,https://www.carpages.ca/new-cars/nova-scotia/halifax/2025-jeep-wrangler-12582158/,Convertible
2025,Jeep,Wrangler,"$73,610",4,41,https://www.carpages.ca/new-cars/nova-scotia/halifax/2025-jeep-wrangler-12582155/,Convertible
2013,Fiat,500,"$21,500",48100,white,https://www.carpages.ca/used-cars/ontario/concord/2013-fiat-500-12569384/,Convertible
2019,Jeep,Wrangler,"$29,999",158842,hellayella,https://www.carpages.ca/used-cars/saskatchewan/saskatoon/2019-jeep-wrangler-12561350/,Convertible
2004,BMW,330Ci,"$13,995",154000,gray,https://www.carpages.ca/used-cars/british-columbia/surrey/2004-bmw-330ci-m-12556892/,Convertible
2025,Jeep,Wrangler,"$78,485",20,blue,https://www.carpages.ca/new-cars/nova-scotia/halifax/2025-jeep-wrangler-12554855/,Convertible
2025,Mazda,Miata,"$44,295",15,black,https://www.carpages.ca/new-cars/newfoundland-and-labrador/st-john-s/2025-mazda-miata-mx-5-12549524/,Convertible
1967,Plymouth,GTX,"$99,967",72865,green,https://www.carpages.ca/used-cars/ontario/gorrie/1967-plymouth-gtx-12542453/,Convertible
1997,Dodge,Viper,"$85,000",20500,red,https://www.carpages.ca/used-cars/ontario/st-catharines/1997-dodge-viper-12536977/,Convertible
2007,Porsche,911,"$65,900",95158,silver,https://www.carpages.ca/used-cars/ontario/vaughan/2007-porsche-911-12536481/,Convertible
2025,Porsche,Boxster,"$118,493.80",90,black,https://www.carpages.ca/new-cars/british-columbia/langley-city/2025-porsche-boxster-12534220/,Convertible
2025,Jeep,Wrangler,"$72,215",6,white,https://www.carpages.ca/new-cars/nova-scotia/halifax/2025-jeep-wrangler-12523912/,Convertible
2025,Jeep,Wrangler,"$73,610",4,black,https://www.carpages.ca/new-cars/nova-scotia/halifax/2025-jeep-wrangler-12519733/,Convertible
1997,Pontiac,Firebird,"$8,995",237577,black,https://www.carpages.ca/used-cars/ontario/dunnville/1997-pontiac-firebird-12517348/,Convertible
2025,Porsche,718,"$280,523.65",90,black,https://www.carpages.ca/new-cars/british-columbia/langley-city/2025-porsche-718-12513289/,Convertible
1972,Chevrolet,Corvette,"$55,845",0,black,https://www.carpages.ca/used-cars/british-columbia/burnaby/1972-chevrolet-corvette-12511402/,Convertible
2006,Toyota,Camry,"$9,888",190000,silver,https://www.carpages.ca/used-cars/ontario/toronto/2006-toyota-camry-solara-12503676/,Convertible
2013,Mazda,Miata,"$17,999",88000,white,https://www.carpages.ca/used-cars/ontario/toronto/2013-mazda-miata-mx-5-12503643/,Convertible
2008,Porsche,Boxster,"$26,727",178555,red,https://www.carpages.ca/used-cars/ontario/etobicoke/2008-porsche-boxster-12499663/,Convertible
2025,Porsche,Boxster,"$132,725.80",90,chalk,https://www.carpages.ca/new-cars/british-columbia/langley-city/2025-porsche-boxster-12498703/,Convertible
2019,Jeep,Wrangler,"$29,995",22907,gray,https://www.carpages.ca/used-cars/ontario/cayuga/2019-jeep-wrangler-12482089/,Convertible
2025,Ford,Bronco,"$86,296",10,black,https://www.carpages.ca/new-cars/saskatchewan/regina/2025-ford-bronco-12479173/,Convertible
2003,Mazda,Miata,"$11,495",77121,red,https://www.carpages.ca/used-cars/ontario/london/2003-mazda-miata-mx-5-12448204/,Convertible
2013,Ford,Mustang,"$16,995",78358,red,https://www.carpages.ca/used-cars/ontario/waterloo/2013-ford-mustang-12441483/,Convertible
2021,Ford,Bronco,"$33,720",78776,blue,https://www.carpages.ca/used-cars/manitoba/winnipeg/2021-ford-bronco-12434761/,Convertible
2009,Mercedes-Benz,SLK,"$15,988",105728,silver,https://www.carpages.ca/used-cars/alberta/calgary/2009-mercedes-benz-slk-12428349/,Convertible
2025,Jeep,Wrangler,"$72,135",8,red,https://www.carpages.ca/new-cars/nova-scotia/halifax/2025-jeep-wrangler-12427368/,Convertible
2025,Jeep,Wrangler,"$71,245",4,blue,https://www.carpages.ca/new-cars/nova-scotia/halifax/2025-jeep-wrangler-12422298/,Convertible
2020,BMW,Z4,"$62,958",30036,black,https://www.carpages.ca/used-cars/british-columbia/coquitlam/2020-bmw-z4-12420846/,Convertible
1991,Mazda,Miata,"$11,880",196652,red,https://www.carpages.ca/used-cars/british-columbia/surrey/1991-mazda-miata-mx-5-12409278/,Convertible
2008,Lexus,SC,"$16,995",189410,smoky,https://www.carpages.ca/used-cars/ontario/oakville/2008-lexus-sc-430-12389010/,Convertible
2021,Chevrolet,Corvette,"$99,000",14434,Other,https://www.carpages.ca/used-cars/saskatchewan/saskatoon/2021-chevrolet-corvette-12388047/,Convertible
2017,Porsche,Boxster,"$59,900",44387,gray,https://www.carpages.ca/used-cars/ontario/vaughan/2017-porsche-boxster-12382791/,Convertible
2014,BMW,4,"$14,888",159200,blue,https://www.carpages.ca/used-cars/ontario/burlington/2014-bmw-4-series-12348606/,Convertible
2017,Ferrari,488,"$398,888",1167,black,https://www.carpages.ca/used-cars/ontario/mississauga/2017-ferrari-488-spider-12345936/,Convertible
2011,Chevrolet,Camaro,"$92,888",908,gray,https://www.carpages.ca/used-cars/ontario/mississauga/2011-chevrolet-camaro-12345933/,Convertible
2012,Bentley,Continental,"$178,488",3043,arctica,https://www.carpages.ca/used-cars/ontario/mississauga/2012-bentley-continental-12345921/,Convertible
1999,Mazda,Miata,"$4,900",201000,silver,https://www.carpages.ca/used-cars/ontario/st-catharines/1999-mazda-miata-mx-5-12325703/,Convertible
2006,Lexus,SC,"$27,995",98000,gray,https://www.carpages.ca/used-cars/british-columbia/surrey/2006-lexus-sc-430-12314567/,Convertible
2025,Ford,Mustang,"$70,561",83,black,https://www.carpages.ca/new-cars/saskatchewan/moose-jaw/2025-ford-mustang-12301844/,Convertible
2025,Ford,Mustang,"$71,170",23,molten,https://www.carpages.ca/new-cars/ontario/mississauga/2025-ford-mustang-12288765/,Convertible
2018,Mercedes-Benz,E-Class,"$31,385",145457,black,https://www.carpages.ca/used-cars/ontario/north-york/2018-mercedes-benz-e-class-12271085/,Convertible
1988,Porsche,911,"$399,888",37059,black,https://www.carpages.ca/used-cars/ontario/thornhill/1988-porsche-911-12270373/,Convertible
1962,Chevrolet,Corvette,"$145,000",200,red,https://www.carpages.ca/used-cars/ontario/etobicoke/1962-chevrolet-corvette-12264367/,Convertible
2025,Ford,Mustang,"$69,517",0,white,https://www.carpages.ca/new-cars/british-columbia/vernon/2025-ford-mustang-12260458/,Convertible
2025,Chevrolet,Corvette,"$111,889",50,black,https://www.carpages.ca/new-cars/ontario/kemptville/2025-chevrolet-corvette-12249115/,Convertible
2025,Ford,Mustang,"$66,042",31,molten,https://www.carpages.ca/new-cars/ontario/ottawa/2025-ford-mustang-12245845/,Convertible
2023,Ford,Mustang,"$37,596",22791,Other,https://www.carpages.ca/used-cars/manitoba/winnipeg/2023-ford-mustang-12236323/,Convertible
2025,Ford,Mustang,"$58,685",25,molten,https://www.carpages.ca/new-cars/ontario/mississauga/2025-ford-mustang-12171334/,Convertible
2012,Mercedes-Benz,SLS,"$149,900",30464,white,https://www.carpages.ca/used-cars/ontario/vaughan/2012-mercedes-benz-sls-amg-12169902/,Convertible
2005,Chevrolet,Corvette,"$39,980",70616,blue,https://www.carpages.ca/used-cars/british-columbia/abbotsford/2005-chevrolet-corvette-12128245/,Convertible
2009,Jeep,Wrangler,"$13,988",198250,Other,https://www.carpages.ca/used-cars/alberta/calgary/2009-jeep-wrangler-12120117/,Convertible
2025,Ford,Mustang,"$74,105",481,black,https://www.carpages.ca/new-cars/saskatchewan/regina/2025-ford-mustang-12120078/,Convertible
2025,Jeep,Wrangler,"$39,995",11,white,https://www.carpages.ca/new-cars/saskatchewan/saskatoon/2025-jeep-wrangler-12106132/,Convertible
2014,Audi,R8,"$124,900",42922,white,https://www.carpages.ca/used-cars/ontario/vaughan/2014-audi-r8-12104512/,Convertible
2002,Ford,Thunderbird,"$20,000",133526,black,https://www.carpages.ca/used-cars/ontario/kingston/2002-ford-thunderbird-12091054/,Convertible
2025,Chevrolet,Corvette,"$202,055",10,black,https://www.carpages.ca/new-cars/british-columbia/north-vancouver/2025-chevrolet-corvette-12048544/,Convertible
2004,Audi,S4,"$11,900",148981,silver,https://www.carpages.ca/used-cars/alberta/calgary/2004-audi-s4-11944269/,Convertible
2017,Land,Rover,"$37,990",117561,white,https://www.carpages.ca/used-cars/ontario/north-york/2017-land-rover-range-rover-evoque-11895704/,Convertible
2002,Ford,Thunderbird,"$21,900",54959,red,https://www.carpages.ca/used-cars/ontario/vaughan/2002-ford-thunderbird-11886866/,Convertible
1975,Pontiac,Bonneville,"$5,500",28829,copper,https://www.carpages.ca/used-cars/ontario/st-catharines/1975-pontiac-bonneville-11879492/,Convertible
2016,Rolls,Royce,"$289,900",25542,white,https://www.carpages.ca/used-cars/ontario/vaughan/2016-rolls-royce-dawn-11785524/,Convertible
2024,Ford,Bronco,"$57,735",25,Other,https://www.carpages.ca/new-cars/ontario/embrun/2024-ford-bronco-11717140/,Convertible
2017,Mercedes-Benz,S-Class,"$84,888",34950,white,https://www.carpages.ca/used-cars/ontario/toronto/2017-mercedes-benz-s-class-11679109/,Convertible
2024,Ford,Bronco,"$85,840",15,Other,https://www.carpages.ca/new-cars/ontario/embrun/2024-ford-bronco-11657773/,Convertible
2024,Ford,Bronco,"$73,910",46,Other,https://www.carpages.ca/new-cars/ontario/embrun/2024-ford-bronco-11615628/,Convertible
2024,Ford,Bronco,"$75,390",10,Other,https://www.carpages.ca/new-cars/ontario/embrun/2024-ford-bronco-11605188/,Convertible
2024,Ford,Bronco,"$66,290",44,Other,https://www.carpages.ca/new-cars/ontario/embrun/2024-ford-bronco-11578288/,Convertible
2024,Jeep,Wrangler,"$75,685",7600,silver,https://www.carpages.ca/new-cars/nova-scotia/halifax/2024-jeep-wrangler-11558622/,Convertible
2024,Ford,Bronco,"$66,065",65,Other,https://www.carpages.ca/new-cars/ontario/embrun/2024-ford-bronco-11548764/,Convertible
2012,Audi,TT,"$27,495",42000,red,https://www.carpages.ca/used-cars/british-columbia/surrey/2012-audi-tt-11545878/,Convertible
1987,BMW,3,"$23,991",167000,black,https://www.carpages.ca/used-cars/ontario/london/1987-bmw-3-series-11467432/,Convertible
2001,Porsche,Boxster,"$15,999",116389,blue,https://www.carpages.ca/used-cars/alberta/medicine-hat/2001-porsche-boxster-11463433/,Convertible
2011,BMW,M3,"$34,988",136874,white,https://www.carpages.ca/used-cars/alberta/calgary/2011-bmw-m3-11423132/,Convertible
2003,BMW,Z4,"$9,990",88840,black,https://www.carpages.ca/used-cars/british-columbia/west-kelowna/2003-bmw-z4-11408866/,Convertible
2008,Porsche,Boxster,"$34,999",73000,white,https://www.carpages.ca/used-cars/ontario/barrie/2008-porsche-boxster-11399746/,Convertible
2012,MINI,Cooper,"$7,995",168651,gray,https://www.carpages.ca/used-cars/ontario/hamilton/2012-mini-cooper-convertible-11379449/,Convertible
2024,Ford,Bronco,"$64,615",25,Other,https://www.carpages.ca/new-cars/ontario/embrun/2024-ford-bronco-11356888/,Convertible
2022,McLaren,765LT,"$699,988",1500,Other,https://www.carpages.ca/used-cars/alberta/calgary/2022-mclaren-765lt-11319430/,Convertible
2018,Mercedes-Benz,AMG,"$129,888",36540,white,https://www.carpages.ca/used-cars/ontario/london/2018-mercedes-benz-amg-11303234/,Convertible
2017,Bentley,Continental,"$149,888",53491,black,https://www.carpages.ca/used-cars/ontario/london/2017-bentley-continental-11303096/,Convertible
2015,Chevrolet,Camaro,"$18,995",144000,red,https://www.carpages.ca/used-cars/british-columbia/surrey/2015-chevrolet-camaro-11248913/,Convertible
2024,Jeep,Wrangler,"$50,994",2086,high,https://www.carpages.ca/new-cars/newfoundland-and-labrador/corner-brook/2024-jeep-wrangler-11238086/,Convertible
2014,Audi,RS,"$29,900",119735,black,https://www.carpages.ca/used-cars/ontario/vaughan/2014-audi-rs-5-11171407/,Convertible
2005,Porsche,Boxster,"$31,999",60000,black,https://www.carpages.ca/used-cars/ontario/barrie/2005-porsche-boxster-11167114/,Convertible
2024,Ford,Mustang,"$62,821",610,black,https://www.carpages.ca/new-cars/manitoba/winnipeg/2024-ford-mustang-11110078/,Convertible
2024,Jeep,Wrangler,"$65,905",20,white,https://www.carpages.ca/new-cars/nova-scotia/halifax/2024-jeep-wrangler-11066222/,Convertible
1962,Ford,Thunderbird,"$39,962",93400,blue,https://www.carpages.ca/used-cars/ontario/perth/1962-ford-thunderbird-11048855/,Convertible
2024,Ford,Bronco,"$75,585",53,Other,https://www.carpages.ca/new-cars/ontario/embrun/2024-ford-bronco-11010179/,Convertible
2012,Volkswagen,Eos,"$14,997",113280,gray,https://www.carpages.ca/used-cars/ontario/ottawa/2012-volkswagen-eos-10981934/,Convertible
2024,Ford,Bronco,"$86,155",8944,Other,https://www.carpages.ca/new-cars/ontario/embrun/2024-ford-bronco-10940858/,Convertible
2024,Ford,Bronco,"$65,470",63,Other,https://www.carpages.ca/new-cars/ontario/embrun/2024-ford-bronco-10940855/,Convertible
1984,Mercedes-Benz,380,"$21,991",101000,red,https://www.carpages.ca/used-cars/ontario/london/1984-mercedes-benz-380-10917044/,Convertible
2007,Jaguar,XK,"$17,995",119000,silver,https://www.carpages.ca/used-cars/british-columbia/surrey/2007-jaguar-xk-10844820/,Convertible
2024,Ford,Mustang,"$60,429",127,black,https://www.carpages.ca/new-cars/alberta/vermilion/2024-ford-mustang-10640436/,Convertible
2021,Ford,Mustang,"$49,889",72932,red,https://www.carpages.ca/used-cars/british-columbia/surrey/2021-ford-mustang-10572909/,Convertible
2021,Chevrolet,Camaro,"$42,889",26851,black,https://www.carpages.ca/used-cars/british-columbia/surrey/2021-chevrolet-camaro-10561167/,Convertible
2022,Ford,Mustang,"$49,889",19319,white,https://www.carpages.ca/used-cars/british-columbia/surrey/2022-ford-mustang-10460913/,Convertible
2019,Chevrolet,Corvette,"$134,991",8000,black,https://www.carpages.ca/used-cars/ontario/london/2019-chevrolet-corvette-10456875/,Convertible
2005,Ford,Thunderbird,"$24,995",49500,red,https://www.carpages.ca/used-cars/british-columbia/surrey/2005-ford-thunderbird-10429461/,Convertible
2003,Mercedes-Benz,SL-Class,"$37,955",45015,blue,https://www.carpages.ca/used-cars/ontario/ottawa/2003-mercedes-benz-sl-class-10282656/,Convertible
2018,Audi,A3,"$39,996",56403,black,https://www.carpages.ca/used-cars/ontario/orillia/2018-audi-a3-10270098/,Convertible
2008,Volkswagen,Eos,"$10,588",141216,black,https://www.carpages.ca/used-cars/ontario/tilbury/2008-volkswagen-eos-10205073/,Convertible
2009,BMW,1,"$15,995",69830,black,https://www.carpages.ca/used-cars/ontario/north-york/2009-bmw-1-series-10202862/,Convertible
2021,Mazda,Miata,"$32,996",33706,blue,https://www.carpages.ca/used-cars/ontario/orillia/2021-mazda-miata-mx-5-10128522/,Convertible
2013,Mercedes-Benz,SL-Class,"$37,991",116000,black,https://www.carpages.ca/used-cars/ontario/london/2013-mercedes-benz-sl-class-10125444/,Convertible
2006,Lexus,SC,"$23,980",138448,gray,https://www.carpages.ca/used-cars/british-columbia/surrey/2006-lexus-sc-430-10053327/,Convertible
2023,Ford,Bronco,"$79,070",23,Other,https://www.carpages.ca/new-cars/ontario/embrun/2023-ford-bronco-10051758/,Convertible
2017,Ford,Mustang,"$44,980",45998,red,https://www.carpages.ca/used-cars/british-columbia/surrey/2017-ford-mustang-9864896/,Convertible
2017,Mazda,Miata,"$33,990",23148,Other,https://www.carpages.ca/used-cars/british-columbia/langley/2017-mazda-miata-mx-5-9785122/,Convertible
2022,Ford,Mustang,"$48,980",3149,white,https://www.carpages.ca/used-cars/british-columbia/surrey/2022-ford-mustang-9706297/,Convertible
2022,Ford,Mustang,"$46,284",3377,white,https://www.carpages.ca/used-cars/british-columbia/richmond/2022-ford-mustang-9693829/,Convertible
2017,Jeep,Wrangler,"$40,888",76440,granite,https://www.carpages.ca/used-cars/british-columbia/nanaimo/2017-jeep-wrangler-9365536/,Convertible
2011,Chevrolet,Corvette,"$29,999",198871,blue,https://www.carpages.ca/used-cars/ontario/toronto/2011-chevrolet-corvette-9206305/,Convertible
2023,Jeep,Wrangler,"$74,888",20,red,https://www.carpages.ca/new-cars/british-columbia/nanaimo/2023-jeep-wrangler-9172777/,Convertible
1992,Jaguar,XJS,"$29,980",75400,red,https://www.carpages.ca/used-cars/british-columbia/vancouver/1992-jaguar-xjs-9080773/,Convertible
2021,Jeep,Wrangler,"$74,500",22260,white,https://www.carpages.ca/used-cars/british-columbia/nanaimo/2021-jeep-wrangler-9041401/,Convertible
2011,Mazda,Miata,"$19,980",58758,red,https://www.carpages.ca/used-cars/british-columbia/surrey/2011-mazda-miata-mx-5-8960518/,Convertible
2022,Jeep,Wrangler,"$54,888",21,green,https://www.carpages.ca/new-cars/british-columbia/nanaimo/2022-jeep-wrangler-8852921/,Convertible
2002,Pontiac,Firebird,"$29,740",41058,ebony,https://www.carpages.ca/used-cars/manitoba/roblin/2002-pontiac-firebird-8851223/,Convertible
2022,Jeep,Wrangler,"$56,888",22,green,https://www.carpages.ca/new-cars/british-columbia/nanaimo/2022-jeep-wrangler-8826386/,Convertible
1988,Mercedes-Benz,SL-Class,"$49,900",86000,white,https://www.carpages.ca/used-cars/ontario/north-york/1988-mercedes-benz-sl-class-8744771/,Convertible
1990,Chevrolet,Corvette,"$33,980",44500,white,https://www.carpages.ca/used-cars/british-columbia/vancouver/1990-chevrolet-corvette-8517302/,Convertible
2008,Mitsubishi,Eclipse,"$9,980",184826,gray,https://www.carpages.ca/used-cars/british-columbia/surrey/2008-mitsubishi-eclipse-8154343/,Convertible
2022,Jeep,Wrangler,"$51,640",23,snazzberry,https://www.carpages.ca/new-cars/british-columbia/nanaimo/2022-jeep-wrangler-8113555/,Convertible
2001,Audi,TT,"$19,980",199100,red,https://www.carpages.ca/used-cars/british-columbia/vancouver/2001-audi-tt-8089840/,Convertible
2014,Ford,Mustang,"$14,990",156882,blue,https://www.carpages.ca/used-cars/alberta/cold-lake/2014-ford-mustang-8049220/,Convertible
1994,Chevrolet,Camaro,"$9,990",177490,red,https://www.carpages.ca/used-cars/alberta/cold-lake/1994-chevrolet-camaro-8049181/,Convertible
2021,Mazda,Miata,"$41,997",4450,red,https://www.carpages.ca/used-cars/british-columbia/langley/2021-mazda-miata-mx-5-8047594/,Convertible
2021,Ford,Mustang,"$46,997",9806,blue,https://www.carpages.ca/used-cars/british-columbia/langley/2021-ford-mustang-8021959/,Convertible
2019,Ford,Mustang,"$49,397",20155,white,https://www.carpages.ca/used-cars/british-columbia/langley/2019-ford-mustang-7955729/,Convertible
2006,Ford,Mustang,"$11,960",150949,red,https://www.carpages.ca/used-cars/ontario/listowel/2006-ford-mustang-7889151/,Convertible
2012,BMW,1,"$16,597",101650,gray,https://www.carpages.ca/used-cars/british-columbia/langley/2012-bmw-1-series-7831956/,Convertible
2017,Jeep,Wrangler,"$39,497",77882,black,https://www.carpages.ca/used-cars/british-columbia/langley/2017-jeep-wrangler-7663600/,Convertible
2015,Ford,Mustang,"$40,995",37414,blue,https://www.carpages.ca/used-cars/ontario/caledonia/2015-ford-mustang-7284455/,Convertible
1991,Cadillac,Allante,"$8,995",186159,white,https://www.carpages.ca/used-cars/ontario/st-catharines/1991-cadillac-allante-7267100/,Convertible
2011,BMW,Z4,"$22,998",124201,gray,https://www.carpages.ca/used-cars/british-columbia/vancouver/2011-bmw-z4-5506920/,Convertible
2013,BMW,Z4,"$39,880",61823,white,https://www.carpages.ca/used-cars/ontario/markham/2013-bmw-z4-2376076/,Convertible
2015,BMW,M4,"$63,880",110482,black,https://www.carpages.ca/used-cars/ontario/markham/2015-bmw-m4-2365036/,Convertible
2016,Mazda,Miata,$CALL,56400,gray,https://www.carpages.ca/used-cars/british-columbia/surrey/2016-mazda-miata-mx-5-13186613/,Convertible
2013,Mercedes-Benz,SL-Class,$CALL,0,Other,https://www.carpages.ca/used-cars/ontario/toronto/2013-mercedes-benz-sl-class-12442249/,Convertible
2022,Ford,Mustang,$CALL,16793,gray,https://www.carpages.ca/used-cars/british-columbia/surrey/2022-ford-mustang-10454847/,Convertible
2023,Jeep,Wrangler,$CALL,66,high,https://www.carpages.ca/new-cars/british-columbia/nanaimo/2023-jeep-wrangler-9077512/,Convertible
2022,Jeep,Wrangler,$CALL,22,black,https://www.carpages.ca/new-cars/british-columbia/nanaimo/2022-jeep-wrangler-8796110/,Convertible
2022,Jeep,Wrangler,$CALL,17,black,https://www.carpages.ca/new-cars/british-columbia/nanaimo/2022-jeep-wrangler-8761418/,Convertible
2022,Jeep,Wrangler,$CALL,24,black,https://www.carpages.ca/new-cars/british-columbia/nanaimo/2022-jeep-wrangler-8730989/,Convertible
2022,Jeep,Wrangler,$CALL,23,black,https://www.carpages.ca/new-cars/british-columbia/nanaimo/2022-jeep-wrangler-8604080/,Convertible
2026,Jeep,Wrangler,"$61,365",0,granite,https://www.carpages.ca/new-cars/nova-scotia/halifax/2026-jeep-wrangler-13296272/,Convertible
2026,Jeep,Wrangler,"$57,115",10,mojito,https://www.carpages.ca/new-cars/newfoundland-and-labrador/corner-brook/2026-jeep-wrangler-13295505/,Convertible
2025,Jeep,Wrangler,"$70,270",24,granite,https://www.carpages.ca/new-cars/newfoundland-and-labrador/corner-brook/2025-jeep-wrangler-13287314/,Convertible
2026,Jeep,Wrangler,"$73,365",23,reign,https://www.carpages.ca/new-cars/newfoundland-and-labrador/corner-brook/2026-jeep-wrangler-13277240/,Convertible
2026,Jeep,Wrangler,"$57,415",26,reign,https://www.carpages.ca/new-cars/newfoundland-and-labrador/corner-brook/2026-jeep-wrangler-13277237/,Convertible
2026,Jeep,Wrangler,"$61,265",4,blue,https://www.carpages.ca/new-cars/nova-scotia/halifax/2026-jeep-wrangler-13263293/,Convertible
2026,Jeep,Wrangler,"$61,265",14,anvil,https://www.carpages.ca/new-cars/nova-scotia/halifax/2026-jeep-wrangler-13263290/,Convertible
2026,Jeep,Wrangler,"$80,585",27,41,https://www.carpages.ca/new-cars/newfoundland-and-labrador/corner-brook/2026-jeep-wrangler-13215137/,Convertible
2026,Jeep,Wrangler,"$61,265",4,black,https://www.carpages.ca/new-cars/nova-scotia/halifax/2026-jeep-wrangler-13204181/,Convertible
2026,Ford,Mustang,"$57,996",0,silver,https://www.carpages.ca/new-cars/ontario/peterborough/2026-ford-mustang-13204031/,Convertible
2026,Ford,Mustang,"$57,996",0,gray,https://www.carpages.ca/new-cars/ontario/peterborough/2026-ford-mustang-13204028/,Convertible
2026,Jeep,Wrangler,"$86,580",32,41,https://www.carpages.ca/new-cars/newfoundland-and-labrador/corner-brook/2026-jeep-wrangler-13203986/,Convertible
2026,Jeep,Wrangler,"$80,585",25,black,https://www.carpages.ca/new-cars/newfoundland-and-labrador/corner-brook/2026-jeep-wrangler-13203959/,Convertible
2026,Jeep,Wrangler,"$80,585",29,anvil,https://www.carpages.ca/new-cars/newfoundland-and-labrador/corner-brook/2026-jeep-wrangler-13203953/,Convertible
2026,Jeep,Wrangler,"$70,780",29,anvil,https://www.carpages.ca/new-cars/newfoundland-and-labrador/corner-brook/2026-jeep-wrangler-13203947/,Convertible
2019,Jeep,Wrangler,"$28,989",105547,black,https://www.carpages.ca/used-cars/newfoundland-and-labrador/st-john-s/2019-jeep-wrangler-13199465/,Convertible
2019,Jeep,Wrangler,"$30,788",110003,blue,https://www.carpages.ca/used-cars/nova-scotia/dartmouth/2019-jeep-wrangler-13195844/,Convertible
2026,Jeep,Wrangler,"$58,285",29,granite,https://www.carpages.ca/new-cars/newfoundland-and-labrador/corner-brook/2026-jeep-wrangler-13190444/,Convertible
2026,Jeep,Wrangler,"$73,965",30,red,https://www.carpages.ca/new-cars/newfoundland-and-labrador/corner-brook/2026-jeep-wrangler-13176794/,Convertible
2026,Jeep,Wrangler,"$80,585",10,blue,https://www.carpages.ca/new-cars/newfoundland-and-labrador/corner-brook/2026-jeep-wrangler-13172849/,Convertible
2026,Jeep,Wrangler,"$58,510",27,41,https://www.carpages.ca/new-cars/newfoundland-and-labrador/corner-brook/2026-jeep-wrangler-13172846/,Convertible
2026,Jeep,Wrangler,"$75,770",32,blue,https://www.carpages.ca/new-cars/newfoundland-and-labrador/corner-brook/2026-jeep-wrangler-13167344/,Convertible
2026,Jeep,Wrangler,"$73,320",35,blue,https://www.carpages.ca/new-cars/newfoundland-and-labrador/corner-brook/2026-jeep-wrangler-13167341/,Convertible
2026,Jeep,Wrangler,"$73,320",34,red,https://www.carpages.ca/new-cars/newfoundland-and-labrador/corner-brook/2026-jeep-wrangler-13167338/,Convertible
2026,Jeep,Wrangler,"$70,780",32,black,https://www.carpages.ca/new-cars/newfoundland-and-labrador/corner-brook/2026-jeep-wrangler-13144504/,Convertible
2026,Jeep,Wrangler,"$73,320",33,anvil,https://www.carpages.ca/new-cars/newfoundland-and-labrador/corner-brook/2026-jeep-wrangler-13144501/,Convertible
2026,Jeep,Wrangler,"$57,115",29,blue,https://www.carpages.ca/new-cars/newfoundland-and-labrador/corner-brook/2026-jeep-wrangler-13144498/,Convertible
2026,Jeep,Wrangler,"$49,675",35,granite,https://www.carpages.ca/new-cars/newfoundland-and-labrador/corner-brook/2026-jeep-wrangler-13144495/,Convertible
2026,Jeep,Wrangler,"$49,775",27,black,https://www.carpages.ca/new-cars/newfoundland-and-labrador/corner-brook/2026-jeep-wrangler-13144492/,Convertible
2026,Jeep,Wrangler,"$71,670",30,anvil,https://www.carpages.ca/new-cars/newfoundland-and-labrador/corner-brook/2026-jeep-wrangler-13144486/,Convertible
2026,Jeep,Wrangler,"$73,420",34,granite,https://www.carpages.ca/new-cars/newfoundland-and-labrador/corner-brook/2026-jeep-wrangler-13144483/,Convertible
2026,Jeep,Wrangler,"$84,075",27,granite,https://www.carpages.ca/new-cars/newfoundland-and-labrador/corner-brook/2026-jeep-wrangler-13144480/,Convertible
2026,Jeep,Wrangler,"$73,320",30,black,https://www.carpages.ca/new-cars/newfoundland-and-labrador/corner-brook/2026-jeep-wrangler-13142377/,Convertible
2026,Jeep,Wrangler,"$58,510",28,41,https://www.carpages.ca/new-cars/newfoundland-and-labrador/corner-brook/2026-jeep-wrangler-13142374/,Convertible
2026,Jeep,Wrangler,"$57,790",32,white,https://www.carpages.ca/new-cars/newfoundland-and-labrador/corner-brook/2026-jeep-wrangler-13142371/,Convertible
2026,Jeep,Wrangler,"$91,470",35,granite,https://www.carpages.ca/new-cars/newfoundland-and-labrador/corner-brook/2026-jeep-wrangler-13142368/,Convertible
2026,Jeep,Wrangler,"$71,670",17,black,https://www.carpages.ca/new-cars/newfoundland-and-labrador/corner-brook/2026-jeep-wrangler-13142365/,Convertible
2018,Jeep,Wrangler,"$32,788",122658,gray,https://www.carpages.ca/used-cars/nova-scotia/dartmouth/2018-jeep-wrangler-13134502/,Convertible
2026,Jeep,Wrangler,"$72,925",34,white,https://www.carpages.ca/new-cars/newfoundland-and-labrador/corner-brook/2026-jeep-wrangler-13128731/,Convertible
2026,Jeep,Wrangler,"$71,275",33,white,https://www.carpages.ca/new-cars/newfoundland-and-labrador/corner-brook/2026-jeep-wrangler-13128728/,Convertible
2026,Jeep,Wrangler,"$73,320",15,41,https://www.carpages.ca/new-cars/newfoundland-and-labrador/corner-brook/2026-jeep-wrangler-13109015/,Convertible
2025,Jeep,Wrangler,"$70,570",23,anvil,https://www.carpages.ca/new-cars/newfoundland-and-labrador/corner-brook/2025-jeep-wrangler-13001506/,Convertible
2025,Jeep,Wrangler,"$83,075",26,granite,https://www.carpages.ca/new-cars/newfoundland-and-labrador/corner-brook/2025-jeep-wrangler-12911558/,Convertible
2025,Jeep,Wrangler,"$72,365",25,red,https://www.carpages.ca/new-cars/newfoundland-and-labrador/corner-brook/2025-jeep-wrangler-12881756/,Convertible
2025,Jeep,Wrangler,"$79,485",37,red,https://www.carpages.ca/new-cars/newfoundland-and-labrador/corner-brook/2025-jeep-wrangler-12628578/,Convertible
2024,Jaguar,F-Type,"$133,350",27,black,https://www.carpages.ca/new-cars/nova-scotia/halifax/2024-jaguar-f-type-10719422/,Convertible
2022,BMW,M4,"$135,726",10,gray,https://www.carpages.ca/new-cars/alberta/edmonton/2022-bmw-m4-9351820/,Convertible
2023,BMW,4,"$89,981",11,white,https://www.carpages.ca/new-cars/alberta/edmonton/2023-bmw-4-series-9131476/,Convertible
2023,BMW,4,"$101,976",11,gray,https://www.carpages.ca/new-cars/alberta/edmonton/2023-bmw-4-series-9131464/,Convertible
2023,BMW,4,"$86,276",0,gray,https://www.carpages.ca/new-cars/alberta/edmonton/2023-bmw-4-series-9101944/,Convertible
2023,BMW,4,"$86,276",10,black,https://www.carpages.ca/new-cars/alberta/edmonton/2023-bmw-4-series-9082423/,Convertible
2022,BMW,M4,"$124,426",1476,white,https://www.carpages.ca/used-cars/alberta/edmonton/2022-bmw-m4-8934376/,Convertible
2018,BMW,M4,"$82,426",0,black,https://www.carpages.ca/used-cars/alberta/edmonton/2018-bmw-m4-8813153/,Convertible
2022,Chevrolet,Corvette,"$120,298",10,white,https://www.carpages.ca/new-cars/manitoba/winnipeg/2022-chevrolet-corvette-8187228/,Convertible
2011,Jaguar,XK,"$65,900",28100,white,https://www.carpages.ca/used-cars/alberta/calgary/2011-jaguar-xk-1791558/,Convertible
2023,Jeep,Wrangler,$CALL,0,white,https://www.carpages.ca/new-cars/british-columbia/nanaimo/2023-jeep-wrangler-9369109/,Convertible
2023,Jeep,Wrangler,$CALL,0,white,https://www.carpages.ca/new-cars/british-columbia/nanaimo/2023-jeep-wrangler-9366538/,Convertible
2023,Jeep,Wrangler,$CALL,0,black,https://www.carpages.ca/new-cars/british-columbia/nanaimo/2023-jeep-wrangler-9331981/,Convertible
2023,Jeep,Wrangler,$CALL,0,high,https://www.carpages.ca/new-cars/british-columbia/nanaimo/2023-jeep-wrangler-9312862/,Convertible
2023,Jeep,Wrangler,$CALL,0,granite,https://www.carpages.ca/new-cars/british-columbia/nanaimo/2023-jeep-wrangler-9282217/,Convertible
2023,Jeep,Wrangler,$CALL,2,black,https://www.carpages.ca/new-cars/british-columbia/nanaimo/2023-jeep-wrangler-9180310/,Convertible
2013,BMW,Z4,$CALL,92123,not,https://www.carpages.ca/used-cars/british-columbia/vancouver/2013-bmw-z4-5655627/,Convertible
2008,Volkswagen,New,$CALL,27963,red,https://www.carpages.ca/used-cars/british-columbia/vancouver/2008-volkswagen-new-beetle-5563452/,Convertible
2010,Lexus,IS,$CALL,55369,gray,https://www.carpages.ca/used-cars/british-columbia/vancouver/2010-lexus-is-5286554/,Convertible
